Domain,count
www.securityfocus.com,82853
osvdb.org,11271
sourceforge.net,2184
sunsolve.sun.com,1951
lists.grok.org.uk,821
online.securityfocus.com,650
patches.sgi.com,607
h20000.www2.hp.com,573
www.twcert.org.tw,560
docs.info.apple.com,559
labs.idefense.com,459
source.codeaurora.org,409
wiki.rpath.com,395
code.wireshark.org,342
h20564.www2.hp.com,215
www.linux-mandrake.com,188
erpscan.io,175
hermes.opensuse.org,133
downloads.securityfocus.com,128
www.atstake.com,117
git.php.net,105
itrc.hp.com,103
ftp.caldera.com,101
www.nccgroup.trust,97
www.cnvd.org.cn,90
packetstorm.linuxsecurity.com,89
www1.itrc.hp.com,88
h20566.www2.hp.com,86
support.nortel.com,84
rgod.altervista.org,83
www.ngssoftware.com,80
libav.org,74
bugzilla.fedora.us,74
article.gmane.org,73
esupport.trendmicro.com,71
www.mandrakesoft.com,70
supportconnectw.ca.com,66
www.auscert.org.au,66
www.derkeiler.com,66
cvs.sourceforge.net,65
weblog.rubyonrails.org,64
advisories.echo.or.id,62
www.us.debian.org,61
svn.php.net,60
www.cert-in.org.in,59
linux.bkbits.net:8080,58
www1.huawei.com,56
www.bugreport.ir,54
www.niscc.gov.uk,52
h20565.www2.hp.com,51
www.mandrakesecure.net,51
lists.immunitysec.com,51
www-10.lotus.com,49
tigger.uic.edu,49
www.chiark.greenend.org.uk,47
www.nruns.com,46
www3.ca.com,45
intevydis.com,43
research.eeye.com,42
echo.or.id,41
www.irmplc.com,41
bugzilla.libav.org,41
www.corelan.be:8800,38
www.uniras.gov.uk,37
trac.roundcube.net,37
www.cybsec.com,37
wwws.clamav.net,37
cvs.php.net,37
vcs.pcre.org,35
tvn.twcert.org.tw,35
www.ivizsecurity.com,35
www-prd-trops.events.ibm.com,35
s-a-p.ca,34
forums.invisionpower.com,33
www.ntbugtraq.com,32
bugreport.ir,31
www.security.org.sg,31
www.vsecurity.com,30
www.isecpartners.com,30
forge.indepnet.net,30
backstage.forgerock.com,30
www.ifrance.com,29
www.infobyte.com.ar,29
blogs.zdnet.com,28
www116.nortel.com,28
labs.mwrinfosecurity.com,28
thread.gmane.org,28
cvs.openssl.org,28
git.libav.org,27
phpmyadmin.git.sourceforge.net,27
download.immunix.org,26
svn.cacti.net,26
open.silverstripe.org,26
www.darkmatter.ae,26
www.trustix.net,26
www.itrc.hp.com,25
stage.caldera.com,25
www.digitalsec.net,25
thekelleys.org.uk,25
source.otrs.org,25
permalink.gmane.org,23
android.git.kernel.org,23
softwaresupport.hpe.com,23
lists.thekelleys.org.uk,23
squirrelmail.svn.sourceforge.net,22
trac.xiph.org,22
gaim.sourceforge.net,22
sitewat.ch,22
www2.itrc.hp.com,22
git.gplhost.com,21
bugs.cacti.net,21
www.punbb.org,21
forums.avenir-geopolitique.net,21
www.westpoint.ltd.uk,20
madwifi.org,20
support.ge-ip.com,20
www.shinnai.net,20
mx.gw.com,19
www.fortiguardcenter.com,19
www.nth-dimension.org.uk,18
svn.sourceforge.net,18
distro.conectiva.com,17
phpmyadmin.svn.sourceforge.net,17
labs.musecurity.com,17
mail-archives.us.apache.org,17
m4.rkw.io,17
www.ipomonis.com,17
bzr.linuxfoundation.org,17
www.senseofsecurity.com.au,17
sources.redhat.com,17
git.clamav.net,16
up2date.astaro.com,16
www.intevydis.com,16
www.matasano.com,16
kb.groundworkopensource.com,15
wiki.xen.org,15
svn.clamav.net,15
rt.openssl.org,15
comments.gmane.org,15
neomutt.org,15
www.quantumleap.it,15
surl.twcert.org.tw,14
cgit.kde.org,14
cvs.moodle.org,14
security.bkis.vn,14
www.h4cky0u.org,14
corega.jp,14
forum.intern0t.net,14
www.web-app.net,14
irannetjob.com,14
www.z0rlu.ownspace.org,14
ftp.itrc.hp.com,13
www.rgod.altervista.org,13
colander.altervista.org,13
prdownloads.sourceforge.net,13
asg.web.cmu.edu,12
osgeo-org.atlassian.net,12
mail.openvms.org:8100,12
rchase.com,12
www.maianscriptworld.co.uk,12
www.quagga.net,12
www.soulblack.com.ar,12
www.bugtraq.ir,12
www.seclab.tuwien.ac.at,12
libpng.git.sourceforge.net,12
www.youfucktard.com,11
lists.helixcommunity.org,11
rubyforge.org,11
blog.curesec.com,11
netatalk.sourceforge.io,11
lists.live555.com,11
oxidforge.org,11
forums.phpcoin.com,11
ftp.digium.com,11
webtareas.com,11
ftp.foolabs.com,11
www.linux.org.uk,11
pligg.svn.sourceforge.net,11
demo.ripstech.com,11
outlaw.aria-security.info,11
www.rdancer.org,11
blog.contentsecurity.com.au,10
qt.gitorious.org,10
jira.codehaus.org,10
www.stratsec.net,10
svn.debian.org,10
secureideas.cvs.sourceforge.net,10
www12.itrc.hp.com,10
www.ussg.iu.edu,10
bugs.splitbrain.org,10
quickgit.kde.org,10
issues.foresightlinux.org,10
www.insight-tech.org,10
lists.virus.org,10
security.greymagic.com,10
blog.bssi.fr,10
rungga.blogspot.co.id,10
lists.trustix.org,10
forums.alienvault.com,10
www.under9round.com,10
glide.stanford.edu,9
znc.svn.sourceforge.net,9
tikiwiki.svn.sourceforge.net,9
support.ipswitch.com,9
dev.icinga.org,9
www.snkenjoi.com,9
securitydot.net,9
security-archive.merton.ox.ac.uk,9
www.phprojekt.com,9
ajaxnewsticker.com,9
www.syscan.org,9
us.codeaurora.org,9
docs.opsview.com,9
shadytel.su,9
bugzilla.remotesensing.org,9
www.armorize.com,9
potrace.sourceforge.net,9
aternity.force.com,9
gforge.org,8
awstats.sourceforge.net,8
www.thekelleys.org.uk,8
cvs.fedoraproject.org,8
kiki91.altervista.org,8
forum.mambo-foundation.org,8
svn.gna.org,8
lists.ircservices.za.net,8
myblog.it-security23.net,8
code.quagga.net,8
msgs.securepoint.com,8
www.wooyun.org,8
bftpd.sourceforge.net,8
support.software.dell.com,8
sowhat.iit.cnr.it:8443,8
ijbswa.cvs.sourceforge.net,8
projects.electricmonk.nl,8
dev.mutt.org,8
voodoo-circle.sourceforge.net,8
www.pingtel.com,8
pupnp.sourceforge.net,8
e107.svn.sourceforge.net,8
kb.dantz.com,8
modplug-xmms.git.sourceforge.net,7
www11.itrc.hp.com,7
vul.wangan.com,7
www.sarc.com,7
www.phenoelit.org,7
spreecommerce.com,7
tech.f5.com,7
hispahack.ccc.de,7
lncken.cn,7
forge.typo3.org,7
ioac.tv,7
www.gont.com.ar,7
trac.gajim.org,7
blogsecurity.net,7
www.lssec.com,7
midas.psi.ch,7
mirror.linux.org.au,7
fluxbb.org,7
subversion.tigris.org,7
www.securelist.com,7
mime.recurity.com,7
remahl.se,7
zur.homelinux.com,7
www.atksec.com,7
soot.shabgard.org,7
descriptions.securescout.com,7
teamforge.net,7
mod-security.svn.sourceforge.net,7
ftp.auscert.org.au,7
www.blacksheepnetworks.com,7
bugzilla.ubuntu.com,7
blog.n0ipr0cs.io,7
cyberskr.com,7
labs.threatpress.com,6
www.soluble.ai,6
a3100r.com,6
www.3com.com,6
redlevel.org,6
yonbip.com,6
helixproducts.real.com,6
support.zeus.com,6
securethoughts.com,6
fisheye6.atlassian.com,6
downloads.sourceforge.net,6
expat.cvs.sourceforge.net,6
lists.netsys.com,6
lists.manyfish.co.uk,6
security-tracker.debian.net,6
k7antivirus.com,6
lists.quagga.net,6
www.cnnvd.org.cn,6
sylpheed.good-day.net,6
www.snellspace.com,6
www.nyubicrew.org,6
www.dc.ds.pg.gda.pl,6
blog.cmsmadesimple.org,6
fsp.cvs.sourceforge.net,6
vcs.openttd.org,6
jira.atheme.org,6
freetype.sourceforge.net,6
www.secnetops.com,6
diff.kasseler-cms.net,6
www.projectforge.org,6
reference1.example.com,6
community.zikula.org,6
39.106.130.187,6
affix.sourceforge.net,6
spaw.cvs.sourceforge.net,6
lists.rpath.com,6
webcalendar.cvs.sourceforge.net,6
whiteboyz.xyz,6
www.security-focus.com,6
hacktivity.websecgeeks.com,6
bindshell.net,6
eduforge.org,6
webcvs.freedesktop.org,6
www.swp-zone.org,6
hsmftp.honeywell.com:443,6
membership.backbox.org,5
core.spip.org,5
www.xxor.se,5
jira.springsource.org,5
dev.rubyonrails.org,5
xoops.svn.sourceforge.net,5
hg.tryton.org,5
optipng.sourceforge.net,5
svn.gnome.org,5
forum.cerberusweb.com,5
emaragkos.gr,5
www.gamasec.net,5
www.8sec.cc,5
www.nosystem.com.ar,5
www.rfdslabs.com.br,5
lists.roaringpenguin.com,5
www.mnogosearch.org,5
bogofilter.sourceforge.net,5
securityfocus.com,5
forum.aria-security.com,5
ftp.kde.org,5
jeecg-boot.com,5
leafnode.sourceforge.net,5
ph0rse.me,5
blog.amossys.fr,5
watchguardsecuritycenter.com,5
update.atutor.ca,5
www.hitachi-cable.co.jp,5
pam.cvs.sourceforge.net,5
ptk.dflabs.com,5
amsn.svn.sourceforge.net,5
www.mrzayas.es,5
bugs.gw.com,5
supportconnect.ca.com,5
www.conostix.com,5
docs.couchdb.org,5
www.unrealircd.com,5
www.kurczaba.com,5
osclass.org,5
flatnuke.sourceforge.net,5
git.ganeti.org,5
blog.osclass.org,5
developer.bea.com,5
www.fujixerox.co.jp,5
www.lsd-pl.net,5
nam-en.apc.com,5
www.ircservices.za.net,5
dark-assassins.com,5
alioth.debian.org,5
avideoyouphptube.com,5
chmod750.com,5
www.elitehaven.net,5
gms.cl0udz.com,5
base.secureideas.net,5
research.openflare.org,5
sunsolve.Sun.COM,5
docs.cyrus.foundation,5
bugzilla.quagga.net,5
loudblog.de,5
lab.insightsecurity.com.br,5
tech.groups.yahoo.com,5
astrocam.svn.sourceforge.net,5
www.scada.schneider-electric.com,5
sgigate.sgi.com,5
www.yourcompany.com:8080,5
sourceforge.jp,5
bugs.cubecart.com,5
www.codseq.it,5
kinqpinz.info,5
digit.que.ne.jp,4
condor-git.cs.wisc.edu,4
geeklog.sourceforge.net,4
blog.pear.php.net,4
mantisbt.sourceforge.net,4
sadfud.me,4
documents.software.dell.com,4
forge.joomla.org,4
blog.atmail.com,4
www.alw.nih.gov,4
www2.dataguard.no,4
kb.palm.com,4
dfn.dl.sourceforge.net,4
radnet.radactive.com,4
www.gplhost.sg,4
wiki.claroline.net,4
dir-2640-us.com,4
tikiwiki.cvs.sourceforge.net,4
h.ackack.net,4
ndkadvancedcustomizationfields.com,4
libmspack.svn.sourceforge.net,4
support.gefanuc.com,4
forge.univention.org,4
users.tpg.com.au,4
blog.filerun.com,4
forum.aria-security.net,4
libtorrent.svn.sourceforge.net,4
chitora.com,4
virtuemart.svn.sourceforge.net,4
wsa.sophos.com,4
mov.sx,4
mantisbt.cvs.sourceforge.net,4
wiki.splitbrain.org,4
trew.icenetx.net,4
realtek.com,4
licensing.pnmsoft.com,4
blog.emaze.net,4
wdnresource.wonderware.com,4
reedarvin.thearvins.com,4
proftp.cvs.sourceforge.net,4
forum.sitepanel2.com,4
www.princeofnigeria.org,4
jira.zarafa.com,4
testing.bitsploit.de,4
blog.redactedsec.net,4
phpwebsite.appstate.edu,4
www.ground418.org,4
terra.calacode.com,4
freewebstat.com,4
0x90.com.ar,4
libpng.sourceforge.net,4
punbb.org,4
vil.nai.com,4
senzee.net,4
net-snmp.svn.sourceforge.net,4
bugzilla.opennms.org,4
protector.warcenter.se,4
cloudrouter.org,4
www.secumind.net,4
www.aspapp.com,4
www.worlddefacers.de,4
bash-x.net,4
felinemenace.org,4
csound.git.sourceforge.net,4
rst.void.ru,4
forums.webnms.com,4
code.zikula.org,4
fusionforge.org,4
iom.invensys.com,4
bugzilla.cpanel.net,4
bogofilter.svn.sourceforge.net,4
tcexam.git.sourceforge.net,4
www.securityfocus.org,4
secure-resumption.com,4
community.impresscms.org,4
www.pgp.com,4
bugs.monkey-project.com,4
hclpnpsupport.hcltech.com,4
www.nomotion.net,4
www.cabextract.org.uk,4
jfreechart.com,4
124.71.147.32:8082,4
news.zdnet.co.uk,4
matrix-org.github.io,4
www.nccst.nat.gov.tw,4
monkeyd.sourceforge.net,4
jira.opensymphony.com,4
gogs.quagga.net,4
git.icinga.org,4
dev.punbb.org,4
partners.immunityinc.com,4
svn.openx.org,4
javierb.com.ar,4
forums.pligg.com,4
www.koramis.com,4
www.ekinboard.com,4
www.nullcode.com.ar,4
truzone.org,4
muteb.io,4
depo2.nm.ru,4
coppermine.svn.sourceforge.net,4
fnet.sourceforge.net,4
support.bea.com,4
www.sebug.net,3
forum.immunityinc.com,3
bugs.elvinbts.org,3
download.gna.org,3
activemq.2283324.n4.nabble.com,3
lists.ziew.org,3
support.asus.com,3
openmya.hacker.jp,3
www.knights-of-the-routing-table.org,3
dcl.sourceforge.net,3
nvkinter.com,3
www.ebitech.sk,3
labs.alienvault.com,3
forgejo.org,3
blog.dhjeong.kr,3
vndh.net,3
bugs.webidsupport.com,3
www.doyoubananadance.com,3
www.batterystapl.es,3
p3.support.panasonic.com,3
lists2.suse.com,3
ntbugtraq.ntadvice.com,3
packetstorm.securify.com,3
www.netopia.com,3
unicode-org.atlassian.net,3
owendarlene.com,3
forge.prestashop.com,3
info.ahnlab.com,3
www.alkalay.net,3
forum.openads.org,3
www.virtuax.be,3
forge.centreon.com,3
artemis.abenteuer-mittelerde.de,3
www.kil13r.info,3
bugs.fi,3
kb.sony-europe.com,3
iss.custhelp.com,3
ftp.legato.com,3
it.security.netsons.org,3
anothernetsecblog.com,3
www.jazzsec.com,3
sips.cvs.sourceforge.net,3
ruder.cdut.net,3
www.rbt-4.net,3
www2.adtran.com,3
linpha.cvs.sourceforge.net,3
spey.cvs.sourceforge.net,3
koogar.alorys-hebergement.com,3
rdesktop.cvs.sourceforge.net,3
apfloat.com,3
bugzilla.padl.com,3
forum.antivir-pe.de,3
git.mathias-kettner.de,3
asg-zena.com,3
www.star123.top,3
printix.com,3
www.snapt.net,3
hastymail.sourceforge.net,3
ftp.linksys.com,3
www.wargan.org,3
www.craigheffner.com,3
prdelka.blackart.org.uk,3
mantis.phplist.com,3
dir-x1860.com,3
zerosecuritypenetrationtesting.com,3
ex1200t.com,3
blog.somegeneric.ninja,3
dev.ektron.com,3
pivot-weblog.svn.sourceforge.net,3
karol.wiesek.pl,3
www.orange-bat.com,3
wiz.syscon.co.jp,3
www.mdsjack.bo.it,3
www.spanish-hackers.com,3
cvs.cgiirc.org,3
www.assurance.com.au,3
forum.pixelpost.org,3
sec-labs.hack.pl,3
blog.betaparticle.com,3
itso.iu.edu,3
axtls.sourceforge.net,3
bugs.sitracker.org,3
1.337.zone,3
blog.reddy.io,3
svn.kvirc.de,3
www13.itrc.hp.com,3
www.x90c.org,3
borgbackup.readthedocs.io,3
getahead.ltd.uk,3
uwsg.iu.edu,3
niantech.io,3
aryanitin.com,3
zint.org.uk,3
www.03i0.com,3
www.x0n3-h4ck.org,3
sx02.coresec.de,3
forums.unrealircd.com,3
cvs.gnome.org,3
cvs.tcpdump.org,3
nukebookmarks.sourceforge.net,3
gforge.hl7.org,3
snoopy.cvs.sourceforge.net,3
www.expw0rm.com,3
hackberry.ath.cx,3
download.zarafa.com,3
kb.cyberoam.com,3
labs.mudynamics.com,3
blog.nibbleblog.com,3
www.mtcms.jp,3
phpscheduleit.svn.sourceforge.net,3
isun.shabgard.org,3
technical.nttsecurity.com,3
w3m.cvs.sourceforge.net,3
ltwcalendar.sourceforge.net,3
ftp.symantec.com,3
oretnom23.com,3
docs.gitops.weave.works,3
fux0r.phathookups.com,3
unsecure.altervista.org,3
mamboforge.net,3
www.whmautopilot.com,3
svn.collab.net,3
mysql.bkbits.net:8080,3
voxel.dl.sourceforge.net,3
www.debian.de,3
www.securinfos.info,3
www.defacers.com.mx,3
netpbm.svn.sourceforge.net,3
www.pulltheplug.org,3
mikeheltonisawesome.com,3
forum.farsinewsteam.com,3
forum.hivemail.com,3
devel.webwork.rochester.edu,3
kb.atmail.com,3
aps.toshiba-tro.de,3
src.mit.edu,3
www.docebo.org,3
phpldapadmin.git.sourceforge.net,3
www.oscmax.com,3
eindbazen.net,3
www.grok.org.uk,3
tusk1.cn,3
supportcenter.us.checkpoint.com,3
www.cipher.org.uk,3
blog.tristaomarinho.com,3
ngeniusone.com,3
cupc4k3.lol,3
www.enkomio.com,3
download.phpgroupware.org,3
advisories.ariko-security.com,3
www.geocrawler.com,3
ultramagnetic.sourceforge.net,3
sh0dan.org,3
kernel.debian.net,3
ftp.wu-ftpd.org,3
blog.diniscruz.com,3
lists.owasp.org,3
www05.abb.com,3
lam.cvs.sourceforge.net,3
bugs.centos.org,3
web.appsec.ws,3
www.netmechanica.com,3
bugzilla.andrew.cmu.edu,3
www.nilfs.org,3
www.oxidforge.org,3
websec.id3as.com,3
lists.ratbox.org,3
homepage2.nifty.com,3
www.xmors-seurity.com,3
jfreechart.svn.sourceforge.net,3
anonproxyserver.svn.sourceforge.net,3
alt.swiecki.net,3
www.lynxsecurity.io,3
mirror.anl.gov,3
the.cushman.net,3
fuse.git.sourceforge.net,3
svn.codehaus.org,3
security.inshell.net,3
sblim.cvs.sourceforge.net,3
www.peerlyst.com,3
opencryptoki.git.sourceforge.net,3
otr.git.sourceforge.net,3
www.research.reversingcode.com,3
use.perl.org,3
x3cms.bzr.sourceforge.net,2
lists.err.no,2
www.lotus.com,2
en.rstzone.org,2
dev.contao.org,2
tobias.eyedacor.org,2
uhexen2.cvs.sourceforge.net,2
autoindex.sourceforge.net,2
www.phpdevshell.org,2
blog.couchdb.org,2
twcert.org.tw,2
advisories.e2security.de,2
hpdoger.me,2
bbs.gxlcms.com,2
member.nifty.ne.jp,2
lists.masqmail.cx,2
developer.postgresql.org,2
sec.greymagic.com,2
canna.sourceforge.jp,2
jetty.codehaus.org,2
95cnsec.com,2
backuppc.cvs.sourceforge.net,2
phpldapadmin.sourceforge.net,2
server.cloudpath,2
biotime.com,2
blog.jhyeon.dev,2
icmsdev.com,2
douran.com,2
ftp.support.compaq.com.au,2
www.netric.org,2
totally.righteous.net,2
lxr.cvs.sourceforge.net,2
forums.phpgroupware.org,2
isecpartners.com,2
documentation.ektron.com,2
www.binamuse.com,2
www.warftp.org,2
svn.ircd-hybrid.org:8000,2
www.frog-man.org,2
jira.xpand-it.com,2
blog.nirajkhatiwada.com.np,2
p16.muscdn.com,2
heitorgouvea.me,2
git.sp0re.sh,2
sp0re.sh,2
www.indonesiancoder.org,2
phpmysport.sourceforge.net,2
high-norm.rash.jp,2
cpcommerce.cpradio.org,2
anonsvn.ethereal.com,2
neossecurity.net,2
neosecurityteam.tk,2
turtle.ee.ncku.edu.tw,2
simpleid.sourceforge.net,2
hosting-4-creloaded.com,2
www.withdk.com,2
mail.opensolaris.org,2
ns79.hosteur.com,2
www.aspportal.net,2
cvs.postnuke.com,2
www.uniwin.com,2
mailman2.u.washington.edu,2
mantisbt.svn.sourceforge.net,2
source.mambo-foundation.org,2
trout.snt.utwente.nl,2
pgp.custhelp.com,2
www.wyse.com,2
yaws.hyber.org,2
www.slysoft.com,2
gitweb2.dlitz.net,2
www.push55.co.uk,2
aria2.svn.sourceforge.net,2
www.scripteen.com,2
dev.tangocms.org,2
www.xaraya.com,2
patch-tracker.debian.org,2
portal.openskip.org,2
arthurenhella.demon.nl,2
trac.metasploit.com,2
ccvs.cvshome.org,2
community.solarwindsmsp.com,2
blog.impenetrable.tech,2
www.gpononu.com,2
www.pcanalyser.de,2
lowliness9.me,2
cgiwrap.sourceforge.net,2
ezcms.eztechhelp.com,2
www.scripts-by.net,2
nmdeluxe.com,2
dev.bea.com,2
gathering.itm.mh.se,2
www.fuzzymonkey.org,2
www.crob.net,2
advisory.patriotichackers.com,2
support.3com.com,2
chyrp.net,2
release.open-gorotto.jp,2
janrain.com,2
www.skilltube.com,2
www.shirkdog.us,2
developers.jccorp.net,2
news.zdnet.com,2
www.peercast.org,2
forum.openx.org,2
px.dynalias.org,2
wiki.knowledgetree.com,2
irrlicht.sourceforge.net,2
forum.w3bcms.de,2
connectivity.hummingbird.com,2
forums.miranda-im.org,2
vtiger-crm.2324883.n4.nabble.com,2
cakeforge.org,2
adplug.cvs.sourceforge.net,2
www.srlabs.net,2
apps.geindustrial.com,2
www.stack.nl,2
www.thebillygoatcurse.com,2
www.stillhq.com,2
superb-east.dl.sourceforge.net,2
blog.blazeinfosec.com,2
www.arswp.com,2
phab.bots.miraheze.wiki,2
cve.openeuler.org,2
www.dubget.com,2
secretdiary.ninja,2
www.sql-ledger.org,2
ts.mcafeehelp.com,2
www.btiteam.org,2
lxde.svn.sourceforge.net,2
forums.xaos-ia.com,2
crisp.tweakblogs.net,2
www.blackhat.org.il,2
itsmeanonartist.tech,2
vulnerable.af,2
blog.max0x4141.com,2
sarab.svn.sourceforge.net,2
oscommerceuniversity.com,2
dev.robotbattle.com,2
slashcode.cvs.sourceforge.net,2
forums.phpraider.com,2
mylo.nccl.sony.co.jp,2
dev.plogger.org,2
www.spacetag.jp,2
bugzilla.backup-manager.org,2
tendawifi.com,2
salonerp.sourceforge.io,2
www.syntaxcms.org,2
download.compresso.de,2
forums.punbb.org,2
pacercms.sourceforge.net,2
ethereum.com,2
code.freepbx.org,2
blog.rack911.com,2
zsh.sourceforge.net,2
apache-ignite-developers.2346864.n4.nabble.com,2
pfstools.cvs.sourceforge.net,2
superb-west.dl.sourceforge.net,2
cool.haxx.se,2
www2.backup-manager.org,2
open.eucalyptus.com,2
lists.omnikron.net,2
www.irannetjob.com,2
soya.literati.org,2
e107plugins.co.uk,2
list.broadpool.com,2
www.xerte.org.uk,2
corryl.altervista.org,2
blogs.atozed.com,2
mailman.webdav.org,2
dev.mybb.com,2
www.anatoliasecurity.com,2
projects.jethrocarr.com,2
dev.anything-digital.com,2
sota.gen.nz,2
btnet.svn.sourceforge.net,2
svn.ampache.org,2
ackertodo.cvs.sourceforge.net,2
vrml.cip.ica.uni-stuttgart.de,2
www.uwsg.iu.edu,2
eagle.kecapi.com,2
newsphp.sourceforge.net,2
dnrd.sourceforge.net,2
r6200v2.com,2
www.mexhackteam.org,2
jira.hyperledger.org,2
fluxbb.com,2
jira.talendforge.org,2
www.forgerock.com,2
www.curseforge.com,2
vallheru.svn.sourceforge.net,2
whitestar.linuxbox.org,2
cvs.snort.org,2
cdsware.cern.ch,2
www.secumania.org,2
www.awf-cms.org,2
vd.lwang.org,2
sapid-club.com,2
www-unix.globus.org,2
hypersonic.bluecoat.com,2
fontforge.org,2
www.numbas.org.uk,2
ploneorg.com,2
jgrapht.com,2
kimihia.org.nz,2
developer.tmsasia.com,2
livecart.com,2
www.blogator-script.com,2
reviews.mahara.org,2
0day5.com,2
spine.sourceforge.net,2
systematicalpha.com,2
roundup.svn.sourceforge.net,2
dev.prelude-technologies.com,2
scst.svn.sourceforge.net,2
wizzrss.blat.co.za,2
bugster.forgerock.org,2
techpartner.ext.hpe.com,2
swa.sophos.com,2
www.secfu.net,2
www.u235.io,2
git1-us-west.apache.org,2
sidechannel.tempestsi.com,2
support.cumulusnetworks.com,2
ultravnc.svn.sourceforge.net,2
force.coresecurity.com,2
www.hiredhacker.com,2
redactionsystem.sourceforge.net,2
pkp.sfu.ca:8043,2
research.0xdutra.com,2
varsnext.iriscorporate.com,2
redshell.co,2
www.koyoele.co.jp,2
cuppa.com,2
scbs.com,2
laundry.redplanetcomputers.com,2
blog.hanayuzu.top,2
www.bitsploit.de,2
hg.debian.org,2
jira.magnolia.info,2
www.cyber-security.ro,2
demo.ynetinteractive.com,2
www.corega.jp,2
corporate.timmystudios.com,2
www.egostudiogroup.com,2
list.orgmode.org,2
http:,2
tomcat.10.n6.nabble.com,2
comfast.com,2
git.lavasoftware.org,2
marathon.sourceforge.net,2
cm68.de,2
mlipod.cvs.sourceforge.net,2
www.cellardoor.za.net,2
net-snmp.sourceforge.net,2
blog.spentera.com,2
trousers.git.sourceforge.net,2
www.sublimation.org,2
storm.net.nz,2
www1.uk.squid-cache.org,2
gnubiff.sourceforge.net,2
www.phpwebsite.appstate.edu,2
musicdaemon.sourceforge.net,2
cf-wr6110n.com,2
blog.cybrgrade.com,2
cert.kalasag.com.ph,2
www.fomori.org,2
hg.gajim.org,2
ac6ac1200.com,2
zkbiosecurity.com,2
www.funkwerk-ec.com,2
www.oscommerceuniversity.com,2
bungaakpstudio007.com,2
ns-asg.com,2
216.26.170.92,2
veracrypt.codeplex.com,2
forge.glpi-project.org,2
onlinesupport.fujixerox.com,2
blog.rukovoditel.net,2
tintin.sourceforge.io,2
reference2.example.com,2
reference3.example.com,2
flexiva.com,2
bbs-go.com,2
gl-ar750s-ext.com,2
dir-842v2.com,2
i7p.wdf.sap.corp,2
securityandstuff.com,2
www.nerdbox.it,2
www.iedb.ir,2
www.redfsec.com,2
forum.claroline.net,2
lists.feep.net:8080,2
50.56.33.56,2
ftp.dell.com,2
svn.tartarus.org,2
magazine.cybozulive.com,2
mail.nl.linux.org,2
bugtrack.oscmax.com,2
en.wellintech.com,2
support.yoono.com,2
download1.parallels.com,2
blog.mudynamics.com,2
lam.sourceforge.net,2
svn.linuxrulz.org,2
darkcode.ath.cx,2
www.g00ns-forum.net,2
security.psnc.pl,2
www.ka.sara.nl,2
www1.corest.com,2
list.kaybee.org,2
ftp.tis.com,2
openh323.cvs.sourceforge.net,2
forums.quicksilverforums.com,2
aluigi.altervista,2
cvs.claroline.net,2
www.cbiu.cc,2
shell01.top,2
www.roothc.com.br,2
fdcl.svn.sourceforge.net,2
trac.symfony-project.org,2
oss.codepoet.no,2
libjpeg-turbo.svn.sourceforge.net,2
developer.longtailvideo.com,2
blog.mobiledefense.com,2
orbit-net.net:8001,2
mmondor.gobot.ca,2
wordpress.designpraxis.at,2
git.adiscon.com,2
asg.andrew.cmu.edu,2
blog.eyeos.org,2
cert.netpeas.org,2
hg.dovecot.org,2
blog.dewhurstsecurity.com,2
xkklq.coding.me,2
htcondor-git.cs.wisc.edu,2
www.ulteo.com,2
zervit.svn.sourceforge.net,2
open.silverstripe.com,2
modplug-xmms.cvs.sourceforge.net,2
lcms.cvs.sourceforge.net,2
support.intellicom.se,2
tcc.hellcode.net,2
dopewars.svn.sourceforge.net,2
viewcvs.php.net,2
www.lms.org.pl,2
archive.openmya.devnull.jp,2
forum.swsoft.com,2
kb.swsoft.com,2
code.lightwitch.org,2
wiki.oxidforge.org,2
cscope.cvs.sourceforge.net,2
mi.med.tohoku.ac.jp,2
support.jgaa.com,2
bugs.v-cms.org,2
my.barter-sites.com,2
rtwebalbum.svn.sourceforge.net,2
addons.oscommerce.com,2
itablackhawk.altervista.org,2
wikyblog.svn.sourceforge.net,2
www.bindview.com,2
www.ussrback.com,2
ettercap.sourceforge.net,2
www.tryc.on.ca,2
www.net-security.sk,2
bscw.gmd.de,2
discuss.snapstream.com,2
www.perlcal.com,2
limesurvey.svn.sourceforge.net,1
bugs.shuimugan.com,1
www.cwjoomla.com,1
coastalsec.io,1
52.117.224.77,1
bbs.xiuno.com,1
www.gerrenmurphy.com,1
redsec.io,1
wooyun.org,1
serverkit.org,1
swamp.svn.sourceforge.net,1
elouai.com,1
cvs.fedora.redhat.com,1
blog.eclypsium.com,1
blog.zerodaylab.com,1
www.wtfsec.org,1
www.bishijie.com,1
miranda.svn.sourceforge.net,1
maru.bonyari.jp,1
anonsvn.mono-project.com,1
bugs.dotproject.net,1
hackish.altervista.org,1
www.macrovision.com,1
knowledge.macrovision.com,1
www.digineo.co.uk,1
quagga.net,1
blog.s21sec.com,1
winscp.cvs.sourceforge.net,1
ftp.kernel.org,1
debork.se,1
forums.dawnoftime.org,1
issues.appfuse.org,1
blogs.exposit.co.uk,1
www.roads.lut.ac.uk,1
ftp.sap.com,1
wombat.doc.ic.ac.uk,1
www.aspseek.org,1
www01.screamingmedia.com,1
ftp.apcftp.com,1
ftp1.deerfield.com,1
anacondapartners.com,1
members.elysium.pl,1
proquake.ai.mit.edu,1
www.mdma.za.net,1
docs.iplanet.com,1
ftpna.bea.com,1
zipper.paco.net,1
active.ncipher.com,1
xmailserver.org,1
shadowpenguin.backsection.net,1
www.imesh.com,1
www.nodeworks.com,1
pccs-linux.com,1
www.lids.org,1
thompson.tumbleweed.com,1
cvsweb.php.net,1
www.kootenayweb.bc.ca,1
www2.sans.org,1
www.glazed.org,1
ftp.gnqs.org,1
bebugs.be.com,1
asu.info.apple.com,1
216.188.41.136,1
ftp.securid.com,1
www.vpopmail.cx,1
www.rootshell.com,1
mlarchive.ima.com,1
darwin.bio.uci.edu,1
www.moregroupware.org,1
www.come.to,1
multivac.cwru.edu,1
ftp.mostang.com,1
netscript.sourceforge.net,1
cert-in.org.in,1
www2.merton.ox.ac.uk,1
www.rstcorp.com,1
www.phreak.org,1
stud4.tuwien.ac.at,1
cert.ip-plus.net,1
spisa.act.uji.es,1
www.efri.hr,1
www.babbage.demon.co.uk,1
207.202.218.172,1
www.rsasecurity.com,1
www.tsc.ant.co.jp,1
dnhttpd.sourceforge.net,1
postfix.org,1
actinas-plus-sl-2u-8-rdx.com,1
jfreeorg.com,1
213.146.38.146,1
viralator.loddington.com,1
www.hypermail.org,1
lists.research.netsol.com,1
and.sourceforge.net,1
frox.sourceforge.net,1
cvsweb.xfree86.org,1
ftp.tivoli.com,1
www.soaplite.com,1
www.cqure.net,1
ids.sourceforge.net,1
real.irssi.org,1
www.contactor.se,1
ftp.cert.dfn.de,1
alsaplayer.org,1
lynorics.sundawn.net,1
www.phpauction.org,1
www.stafford.uklinux.net,1
crash.ihug.co.nz,1
linux-ha.org,1
xbreaky.sourceforge.net,1
www.solucorp.qc.ca,1
wuarchive.wustl.edu,1
changelogs.credativ.org,1
instantwebmail.sourceforge.net,1
www.apachelabs.org,1
www.symatec-computer.com,1
www.dnstools.com,1
swrinde.nde.swri.edu,1
www.li0n.pe.kr,1
www.newatlanta.com,1
www.tesol.net,1
phpslice.org,1
lists.ccil.org,1
hp.cso.uiuc.edu,1
www.der-keiler.de,1
sips.sourceforge.net,1
snapshot.ntop.org,1
www.encode-sec.com,1
phpbb.sourceforge.net,1
elaboration.8bit.co.uk,1
alive.znep.com,1
www.kip.iis.toyama-u.ac.jp,1
sketch.sourceforge.net,1
dl.droso.net,1
www.securitybugware.org,1
www.123tkshop.org,1
gtetrinet.sourceforge.net,1
posrotatorimg.com,1
tamakihamanoki.com,1
oirase.com,1
ctm-200.com,1
pypinksign.com,1
wasm-micro-runtime.com,1
processhacker.sourceforge.io,1
newsroom.ripeda.com,1
coffee-jumbo.com,1
thebmembers.com,1
121.41.98.87,1
adlered.com,1
xui-xray.com,1
schemasecurity.co,1
ur5x.com,1
supprtportal.juniper.net,1
www.techie.hopto.org,1
www.share360.com,1
novel-plus.com,1
boidcms.com,1
minimati.com,1
o.com,1
tokushimaawayokocho.com,1
tonton-teiwaiting.com,1
multilaser.com,1
www.levi-coins.co.il,1
openupload.sourceforge.net,1
audimexee.com,1
nsis.sourceforge.io,1
icearp.com,1
v40.com,1
exploit.iedb.ir,1
redmineckeditor.com,1
entetsu.com,1
dericia.com,1
gpt-2741gnac.com,1
wwwsourcecodestercom.com,1
crsrg.sh,1
bloofoxcms.com,1
alexcrack.com,1
forum.xhanch.com,1
blog.addepar.com,1
mfs-enterprise.com,1
spaceblogs.org,1
nonexistent.com,1
leegt.synology.me:4000,1
tiffcp.com,1
georgyg.com,1
www.abtrusion.com,1
ac2i.tzo.com,1
opensource.dyc.edu,1
python.6.x6.nabble.com,1
otiose.dhs.org,1
nongnu.mirrors.hostinginnederland.nl,1
www.softbanktech.jp,1
blog.securestate.com,1
setupasusservices.com,1
openapi-generator.com,1
request-baskets.com,1
protey.net,1
suprema.com,1
biostar2.ciklum.net,1
extras.hostbillapp.com,1
makthepla.net,1
dev.lintrack.org,1
www.tracker.mambo-foundation.org,1
gv-edge.com,1
reference14.example.com,1
support.synapsoft.co.kr:50000,1
rollout-ui.com,1
prometheus.com,1
loutrace.com,1
en.wooyun.org,1
en.nsfocus.com,1
www.perucrack.net,1
www.no-margin-for-errors.com,1
git.gnu.org.ua,1
www.root-security.org,1
www.ezonlinegallery.com,1
www.utimaco.fi,1
git.reviewboard.kde.org,1
git.wikimedia.org,1
www.supercluster.org,1
blog.qt.digia.com,1
ftp.linux.org.uk,1
www.roblest.com,1
research.smartnetsecurity.net,1
hylafax.sourceforge.net,1
support.atmail.com,1
dl.sugarforge.org,1
linuxwebshop.com,1
phpmanga.sourceforge.net,1
mieszkancy.ds.pg.gda.pl,1
dbhub.ir.pl,1
phpgraphy.sourceforge.net,1
fisheye.codehaus.org,1
www.puntal.fr,1
coolplayer.cvs.sourceforge.net,1
ssl.bitflux.ch,1
www.insidesystems.net,1
amateras.sourceforge.jp,1
tripp.dynalias.org,1
italk.sourceforge.net,1
netrik.cvs.sourceforge.net,1
speicher.example.com,1
www.d4rksec.org,1
openmrs-module-htmlformentry.com,1
bbs.microdesktop.com,1
www.mmt.hs-karlsruhe.de,1
bugs.bacula-web.org,1
bacula-web.org,1
anna.svn.sourceforge.net,1
community.enterasys.com,1
blog.inspired-sec.com,1
www.theblazehen.com,1
forge.tine20.org,1
www.uniquish.tech,1
118.89.230.52,1
cxf.547215.n5.nabble.com,1
www.lsafe.org,1
sercomm.com,1
dam.belden.com,1
openwrtorg.com,1
www.azurcms.com,1
advisories-admin.stormshield.eu,1
wireless-n.com,1
sherlockim.ae,1
jorgectf.gitlab.io,1
saptech-erp.com.au,1
sebao.me,1
www.sebao.me,1
spiffycalendar.sunnythemes.com,1
www.fujixerox.com,1
ciacfug.org,1
pyyaml.docsforge.com,1
www.zhipinmall.com,1
cosig.gouv.qc.ca,1
www.nfcwar.com,1
patches.libav.org,1
www.indrajithan.com,1
blog.secret-team.cn,1
blog.synack.co.uk,1
apache-spark-developers-list.1001551.n3.nabble.com,1
avm.com,1
lists.cumulusnetworks.com,1
www.keiththome.com,1
i-onenet.com,1
www.0day5.com,1
www.trustworks.at,1
ethan.pm,1
www.jitec.ipa.go.jp,1
portal.ebid.mext.go.jp,1
tridentsec.io,1
winwastenet.com,1
documentation.solarwinds.co,1
deathflash.ml,1
www.bouali.io,1
smartzone-100.com,1
alysum5.promokit.eu,1
jquery-upload-file.com,1
bugzilla.mozdev.org,1
enigmail.mozdev.org,1
www.kahua.org,1
www.gentoo-portage.com,1
ftp.support.acer-euro.com,1
global.acer.com,1
feishu.com,1
dir-868lw.com,1
dev.cmsfaethon.org,1
webgeneius.com,1
open1x.cvs.sourceforge.net,1
rave.jk-digital.com,1
csirt.fe.up.pt,1
worldphantom.org,1
builds.kayako.net,1
l2tpns.cvs.sourceforge.net,1
db.threatpress.com,1
orionhridoy.me,1
tv-ip110wn.com,1
borrachariadofael.sz.chat,1
aai-portal.sourceforge.net,1
www.xorp.org,1
cvs.gna.org,1
cmsfaethon.org,1
ac15v10.com,1
zsh.sourceforge.io,1
rt-ac68u.com,1
ac68u.com,1
acercsi.com,1
starvlab.qianxin.com,1
tomee-openejb.979440.n4.nabble.com,1
blog.fletchto99.com,1
jira.blojsom.com,1
nyubicrew.org,1
www.secureshapes.com,1
www.howtoria.com,1
zoomstats.cvs.sourceforge.net,1
cvs.moodle.com,1
slic3r.com,1
libslic3r.com,1
www.flightradar24.com.aa,1
aysad.net,1
pheap.barekoncept.com,1
readlist.com,1
adodb.cvs.sourceforge.net,1
rst-crew.net,1
unkn0wn.awardspace.com,1
whizzo.uoregon.edu,1
alpine.x10host.com,1
hptcybersec.com,1
jfinalcms.com,1
eyesofnetwork.com,1
hackers.report,1
chikista.com,1
www.churchdb.org,1
exrick.com,1
www.joomladeveloping.org,1
www.chitora.jp,1
www.idoel.smilejogja.com,1
blog.phil-taylor.com,1
devteam.xoops.org,1
avveng.com,1
blog.skullsec.com.br,1
blog.redash.io,1
fswiki.poi.jp,1
ikwt.dyndns.org,1
ellsec.org,1
www.ben.goulding.com.au,1
cvs.linux-ha.org,1
krusader.sourceforge.net,1
gnelib.cvs.sourceforge.net,1
pike.ida.liu.se,1
www.security-geek.in,1
trac-plugins.gajim.org,1
www.ljcusack.io,1
cvecps.mitre.org,1
dotproject.cvs.sourceforge.net,1
qdig.sourceforge.net,1
seclab.tuwien.ac.at,1
www.olate.co.uk,1
source.isc.org,1
lab.truel.it,1
www.gaitamejapan.com,1
lists.crosswalk-project.org,1
crosswalk-project.org,1
pmx.sophos.com,1
musalbas.com,1
qpid.2158936.n2.nabble.com,1
coastercms.com,1
smshrimant.com,1
loganclaw.com,1
www.invictuseurope.com,1
openbase.io,1
help.neobizbox.com,1
csp.poha.com,1
securityfocus.org,1
www.dadajiasu.net,1
deadb0x.io,1
frontend.spiceworks.com,1
demo.detapos.co.id,1
rysec.io,1
su2200rtxl2ua.com,1
leeco.com,1
www.cyberoam.com,1
baigosso.com,1
test.lingdong.store,1
x-cube-cryptolib.com,1
8sec.cc,1
gazie.devincentiis.it,1
cqinfo.la,1
jinfornet.com,1
www.baomatcoban.info,1
mostwanted002.cf,1
www.youhua.com,1
blog.overfl0wed.com,1
unomi.apache.org.,1
crk.com.br,1
libemf.sourceforge.net,1
www.security.crestron.com,1
lists.01.org,1
blog.asp-stats.com,1
www.battleaxesoftware.com,1
kopete.kde.org,1
lists.fsck.com,1
ftp.prbh.org,1
nethack.sourceforge.net,1
nis-www.lanl.gov,1
www.ytech.co.il,1
forum.nucleuscms.org,1
bugzilla.achievo.org,1
www.demarc.com,1
squirrelmail.cvs.sourceforge.net,1
osads.sourceforge.net,1
www.intruders.com.br,1
www.intruders.org.br,1
iaxclient.sourceforge.net,1
www.cyber-soldiers.org,1
www.howtoforge.com,1
lists.oasyssoft.com,1
forum.limboforge.org,1
empserver.cvs.sourceforge.net,1
libvncserver.cvs.sourceforge.net,1
kandangjamur.net,1
user.chol.com,1
telia.dl.sourceforge.net,1
www.usg.org.uk,1
dc.ketelhot.de,1
www.itlab.musc.edu,1
hsj.shadowpenguin.org,1
ftp.multitech.com,1
src.telindus.com,1
dev.croup.de,1
ftpna.beasys.com,1
kismac.de,1
jeffrey.vanderstad.net,1
drunkenblog.com,1
www.bash-x.net,1
ftp.kep.online.fr,1
blog.ncircle.com,1
bugs.pardus.org.tr,1
nger.org,1
cpcommerce.org,1
git2.kernel.org,1
git.et.redhat.com,1
www.x128.net,1
cvs.pld.org.pl,1
www.felinemenace.org,1
www.nzeo.com,1
www.carrel.org,1
www.zapthedingbat.com,1
ganglia.sourceforge.net,1
adsystems.com.pl,1
badwebmasters.net,1
www.vienuke.com,1
www.centaura.com.ar,1
forums.ashwebstudio.com,1
rsbac.dyndns.org,1
druglord.freelsd.org,1
members.fortunecity.it,1
www.malware.com,1
us2.samba.org,1
www-3.ibm.com,1
apache.secsup.org,1
www.secnetops.biz,1
bugs.trustix.org,1
www.corantodemo.net,1
cpaint.booleansystems.com,1
insecurity.altervista.org,1
macallan.club.fr,1
phpesp.cvs.sourceforge.net,1
www.intensivepoint.com,1
popfile.sourceforge.net,1
ftp.andrew.cmu.edu,1
ivizsecurity.com,1
x.mame.net,1
www.fogcreek.com,1
www.wehnus.com,1
blog.globalnetworks.gr,1
www.designfolks.com.au,1
blog.donews.com,1
blogs.imeta.co.uk,1
www.mzbservices.com,1
vnc-tight.svn.sourceforge.net,1
kartoffel.reversemode.com,1
n2.nabble.com,1
svn.igniterealtime.org,1
weechat.flashtux.org,1
nana.rulezlan.org,1
ntp.bkbits.net:8080,1
www.mcgrewsecurity.com,1
bugzilla.ganglia.info,1
www.flaxweb.com,1
keeptoolkit.svn.sourceforge.net,1
svn.pardus.org.tr,1
bibciter.sourceforge.net,1
www.seraphimtech.net,1
packetstorm.foofus.com,1
www.qsfportal.com,1
download.redgalaxy.net,1
footprintssupport.numarasoftware.com,1
trac.adium.im,1
blog.mhartl.com,1
support.spreehq.org,1
adzapper.sourceforge.net,1
core.ifconfig.se,1
wired-security.net,1
gmda.altervista.org,1
www.shnews.de,1
signup.uochm.com,1
maximilianosoler.com.ar,1
download.mgeops.com,1
www.secfault.org,1
wvware.cvs.sourceforge.net,1
view.samurajdata.se,1
www.falandodeseguranca.com,1
trac.ipsec-tools.net,1
dtorrent.svn.sourceforge.net,1
cvs.eggheads.org,1
bugs.irssi.org,1
dev.splitbrain.org,1
oreka.sourceforge.net,1
www.myphpnuke.com,1
www3.autistici.org,1
connection.netcordia.com,1
static.dataspill.org,1
xeye.us,1
www.auth2db.com.ar,1
jcsfog.cvs.sourceforge.net,1
trac.oftc.net,1
userweb.kernel.org,1
www.kamtiez.org,1
www.openx.org,1
developer.openx.org,1
blog.sat0ri.com,1
iipimage.sourceforge.net,1
marcellmajor.com,1
www.sec-area.com,1
httpdx.sourceforge.net,1
www.pank4j.com,1
hamlib.svn.sourceforge.net,1
svn.rpmforge.net,1
libexif.cvs.sourceforge.net,1
mpop.sourceforge.net,1
msmtp.sourceforge.net,1
svn.xapian.org,1
bigace.cvs.sourceforge.net,1
linux.ohwada.jp,1
mrbs.sourceforge.net,1
www.tombom.co.uk,1
projects.reductivelabs.com,1
blob.yewipeya.net,1
sahana.cvs.sourceforge.net,1
www.rudedog.org,1
www.sugarforge.org,1
git.gupnp.org,1
bugzilla.openedhand.com,1
www.ad2000.co.jp,1
forum.bigace.de,1
camlcvs.inria.fr,1
webauth.stanford.edu,1
ortus.nirn.ru,1
www.cerb4.com,1
blog.n0where.org,1
bugreports.qt.nokia.com,1
s-tools1.juniper.net,1
mysql.osuosl.org,1
www.woany.co.uk,1
www.gelato.unsw.edu.au,1
www.ruxcon.org.au,1
ruxcon.org.au,1
issues.knowledgetree.com,1
wiki.impresscms.org,1
www.rasihbahar.com,1
www.pepelux.org,1
www.mole-group.com,1
blog.xwings.net,1
static.jumpbox.com,1
secure.t3sec.info,1
lab.gnucitizen.org,1
geshi.svn.sourceforge.net,1
trac.aircrack-ng.org,1
oxid.netsons.org,1
blog.modsecurity.org,1
www.by-f10.com,1
www.nuggetz.co.uk,1
yassl.cvs.sourceforge.net,1
www.fwbuilder.org,1
blog.fwbuilder.org,1
developer.skype.com,1
files.kolab.org,1
blog.openx.org,1
semanticscuttle.svn.sourceforge.net,1
lokicms.com,1
www.pomcor.com,1
git.op5.org,1
security.talte.net,1
unl0ck.org,1
www.ircservices.esper.net,1
dcplusplus.sourceforge.net,1
sec.org.il,1
dev.denorastats.org,1
spaw.svn.sourceforge.net,1
blog.solmetra.com,1
customersupport.kontiki.com,1
trac.phorum.org,1
autonessus.cvs.sourceforge.net,1
customers.autonomy.com,1
www.zebux.org,1
www.isc.sans.org,1
lgames.sourceforge.net,1
www.php-post.co.uk,1
www.albanianhaxorz.org,1
birdblog.sourceforge.net,1
security.craftysyntax.com,1
aqua.sun.ddns.vc,1
dev.medozas.de,1
www3.br.squid-cache.org,1
www.qwikiwiki.com,1
cvs.sunsite.dk,1
www.scovettalabs.com,1
dcs.nac.uci.edu,1
deicide.siyahsapka.org,1
security.honour.ca,1
www.subdreamer.com,1
community.pcpin.com,1
www.3dftp.com,1
bugs.developer.mindtouch.com,1
www.ph4nt0m.org-a.googlepages.com,1
dcplusplus.svn.sourceforge.net,1
blog.commtouch.com,1
www.wgmdev.com,1
www2.ruby-lang.org,1
claroline.svn.sourceforge.net,1
gl2logic.com,1
bugs.phpwebgallery.net,1
forum.phpwebgallery.net,1
mirror.celinuxforum.org,1
mrzayas.es,1
netofficedwins.sourceforge.net,1
mvnforum.cvs.sourceforge.net,1
www.svt.nukleon.us,1
www.funkyasp.co.uk,1
www.appindex.net,1
photography-on-the.net,1
firewall.lutel.pl,1
phplizardo.breizh-web.net,1
cms.fuzzylime.co.uk,1
forum.pivotlog.net,1
coppermine.sourceforge.net,1
www.unl0ck.org,1
www.evilpacket.net,1
www.exploits.co.in,1
www.m0r1n3x.com,1
www.co.jyu.fi,1
www.0xbadexworm.org,1
www.sng.ecs.soton.ac.uk,1
flyspray.rocks.cc,1
pulltheplug.org,1
thierry.sniff-em.com,1
www.securityfocus.net,1
benji.redkod.org,1
www.securityinfo.ru,1
directory.fedora.redhat.com,1
secureknowledge.us.checkpoint.com,1
www.abiword.org,1
www.abisource.com,1
forums.seo-board.com,1
pspupdates.qj.net,1
cache-www.intel.com,1
www.grupoitpro.com.ar,1
www.s4a.cc,1
appindex.net,1
knowledgemap.nai.com,1
svt.nukleon.us,1
ftp.aerasec.de,1
mojo.skazat.com,1
cvs.alioth.debian.org,1
antilamo.skifstone.com,1
www.jpno5.com,1
filezilla.sourceforge.net,1
nanoblogger.sourceforge.net,1
www.opensolaris.org,1
spid.adnx.net,1
shorewall.net,1
www.albaniafuckgreece.org,1
laffer.sourceforge.net,1
greasemonkey.mozdev.org,1
lists.osdl.org,1
gbook.sourceforge.net,1
tuxbank.sourceforge.net,1
www.lighthouse-cms.de,1
womble.decadentplace.org.uk,1
ca17.com,1
time4j.com,1
app.flows.sh:8443,1
postfixadmin.ballardini.com.ar:8443,1
www.phpbp.com,1
roundup.cvs.sourceforge.net,1
omni.playhack.net,1
linpha.sourceforge.net,1
hg.quakenet.org,1
weblog.nomejortu.com,1
developer.elasticpath.com,1
sourcesup.cru.fr,1
www.sw.nec.co.jp,1
www.rws.com.ua,1
foros.ojobuscador.com,1
home.arcor.de,1
www.vashnukad.com,1
swbae.egloos.com,1
vx.netlux.org,1
cod3rz.helloweb.eu,1
nightmaresecurity.net,1
liz0.3yr.net,1
www.freewebstat.com,1
cvs.freedesktop.org,1
cowiki.tigris.org,1
locazo.net:81,1
mantis.pulltheplug.org,1
devedit.sourceforge.net,1
en.ejointech.com,1
dir-820l.com,1
bug.pocas.kr,1
baigocms.com,1
php-mysql-admin-panel-generator.com,1
lists.ciphermail.com,1
cewolf.sourceforge.net,1
frappe.com,1
share.skype.com,1
seagullproject.org,1
omni.netsons.org,1
blogs.aurigma.com,1
www.village-idiot.org,1
hellknights.void.ru,1
members.joomlapixel.eu,1
lists.ingate.com,1
aliyundrive-webdav.com,1
dcat-admin.com,1
lief.com,1
nvd-cwe-other.com,1
strimzi.com,1
a6000r.com,1
microncrucial.com,1
evilsentinel.altervista.org,1
reference4.example.com,1
dir-816a2.com,1
www.cleanpresta.com,1
forge.sigb.net,1
dir-3040us.com,1
home-madeio.com,1
pdf2json.com,1
crmebjava.com,1
example.com:8082,1
hshnudr.com,1
rageframe2.com,1
torguard.net,1
teleport.com,1
wwwtyporaio.com,1
mxgraph.com,1
ocomonphp.sourceforge.io,1
phpcodegenie.sourceforge.net,1
www.ubertec.co.uk,1
www.schaefer.dhcp.biz,1
unl0ck.info,1
qwikmail.sourceforge.net,1
imwheel.sourceforge.net,1
lists.postnuke.com,1
download.nautilus.com,1
egt-kommunikationstechnik.com,1
hkotel.com,1
printixnet.com,1
tenda-ac18.com,1
124.222.176.39,1
tv-ip572pi.com,1
www.secure4arab.com,1
www.openftpd.org:9673,1
wecube.com,1
zeitpraxcom.com,1
tiddlywiki5.com,1
qsmart.com,1
lumidek.com,1
githubcommherflower.com,1
global.11st.co.kr,1
researchinthebin.org,1
test.madgenius.com,1
wmfrog.svn.sourceforge.net,1
speedtouch.sourceforge.net,1
downloads.phpgroupware.org,1
www.kyz.uklinux.net,1
www.barrossecurity.com,1
proxytunnel.sourceforge.net,1
rus.members.beeb.net,1
www.freznoshop.com,1
ldu.neocrome.net,1
testzone.secunia.com,1
www.computerknights.org,1
gallery.devrandom.org.uk,1
support.hummingbird.com,1
www.infosecurity.org.cn,1
www.opt-x.org,1
borg.social,1
totadministrativemandate.com,1
vsecurity.com,1
www.soltysiak.com,1
blackboard.unclassified.de,1
indohack.sourceforge.net,1
cornerstone.web-app.org,1
bugzilla.opengroupware.org,1
ndk.com,1
alicangonullu.org,1
x11ssl-cf.com,1
yii-shopwind.com,1
terasolunaorg.github.io,1
componentspacesaml2.com,1
thingsboard.com,1
ezip.com,1
lists.shorewall.net,1
drponidi.5u.com,1
virulent.siyahsapka.org,1
support.entegrity.com,1
lw.ftw.zamosc.pl,1
www.hiawatha-webserver.org,1
www.jackson-t.ca,1
blog.lucideus.com,1
justin.madirish.net,1
www.phocean.net,1
bugs.xfree86.org,1
fundisom.com,1
www.fundisom.com,1
62.131.86.111,1
linksys.custhelp.com,1
cpan.cybercomm.nl,1
twicca.r246.jp,1
spareclockcycles.org,1
fisheye.opennms.org,1
gforgegroup.wordpress.com,1
vladz.devzero.fr,1
torcs.sourceforge.net,1
git.atheme.org,1
hg.suckless.org,1
md.hudora.de,1
g3cko.info,1
devel.amessage.info,1
www.opentools.de,1
wikipedia.sourceforge.net,1
gu1.aeroxteam.fr,1
news.tryton.org,1
blog.illumos.org,1
phenoelit.org,1
ninjaforge.com,1
blog.ptsecurity.com,1
ncompress.sourceforge.net,1
sebug.net,1
tdiary.svn.sourceforge.net,1
freefr.dl.sourceforge.net,1
nctritech.net,1
optipng.hg.sourceforge.net,1
k1p0d.com,1
www.vbadvanced.com,1
www2.dcsec.uni-hannover.de,1
forums.clip-bucket.com,1
ednolo.alumnos.upv.es,1
jira.ow2.org,1
bugs.tizen.org,1
blog.cyberoam.com,1
linuxquota.git.sourceforge.net,1
git.zabbixzone.com,1
graphicsmagick.hg.sourceforge.net,1
www.mycert.org.my,1
lineblog.naver.jp,1
websitepanel.codeplex.com,1
blog.abhisek.me,1
git.bluemind.net,1
jira.iotivity.org,1
mogan.nonsoloirc.com,1
purge.worthplaying.com,1
ubuntu.5.n6.nabble.com,1
openkm.svn.sourceforge.net,1
www.4salesbyself.com,1
www.atmarkweb.jp,1
jira.onosproject.org,1
www.syscan360.org,1
labs.riseup.net,1
pmt.sourceforge.net,1
kb.ssp-europe.eu,1
www.mcerlane.co.uk,1
blog.underdogsecurity.com,1
security401.com,1
winterdragon.ca,1
weban.jp,1
blog.mastodon-tootdon.com,1
embedi.org,1
www.dineshmohanty.com,1
www.weberp.org,1
gitlab.marlam.de,1
wiki.cerbweb.com,1
www.apakgroup.com,1
support.bromium.com,1
www.zoomint.com,1
www.tildeho.me,1
www.cabsoftware.com:8080,1
blog.joaoorvalho.com,1
paulrobertson.co.za,1
bertjwregeer.keybase.pub,1
svn.irssi.org,1
svn.aircrack-ng.org,1
445544.44.ohost.de,1
www.adive.es,1
www.blogx86.net,1
www.blackdragon.team,1
generaleg0x01.com,1
www.netfairy.net,1
www.via.ecp.fr,1
ilja.netric.org,1
cuyahoga.svn.sourceforge.net,1
64.38.62.221,1
livesploit.com,1
oss.gonicus.de,1
www.tv-kritik.net,1
ftp.avm.de,1
malloc.im,1
coding.derkeiler.com,1
phpxref.sourceforge.net,1
anatoliasecurity.com,1
thomascannon.net,1
timetrack.itrn.de,1
jamwiki.svn.sourceforge.net,1
purpl3f0xsec.tech,1
ziproxy.cvs.sourceforge.net,1
labs-werew01f.sectester.net,1
libhx.git.sourceforge.net,1
bip.t1r.net,1
ictsec.se,1
wiki.orbeon.com,1
www.qt.gitorious.org,1
linux.derkeiler.com,1
dannewitz.ninja,1
kb.extenua.com,1
ziproxy.sourceforge.net,1
blog.visionsource.org,1
indonesiancoder.org,1
h07.w.interia.pl,1
www.emesene.org,1
forum.emesene.org,1
sage.mozdev.org,1
mohachat.sourceforge.net,1
lcamtuf.dione.cc,1
download.verisign.co.jp,1
putmail.sourceforge.net,1
cybermind.user.stfunoob.com,1
forum.tufat.com,1
www.pennmush.org,1
dotnetnuke.codeplex.com,1
type74org.blog14.fc2.com,1
venom.crowdstrike.com,1
labs.asteriskinfosec.com.au,1
blog.csnc.ch,1
xiphosresearch.com,1
lz1.intel.com,1
discussion.treocentral.com,1
checkpw.sourceforge.net,1
blog.cylance.com,1
community.emerson.com,1
gcsresource.invensys.com,1
radiasupport.accelerite.com,1
asylum.seraum.com,1
hg.nih.at,1
blog.rastating.com,1
www.bemacpromotions.com,1
developer.openads.org,1
www.beanfuzz.com,1
onnac.svn.sourceforge.net,1
www.xt-scripts.com,1
webfwlog.cvs.sourceforge.net,1
gforge.inria.fr,1
support.podc.sl.edst.ibm.com,1
mantisbt.domainunion.de,1
forum.synology.com,1
jasig.275507.n4.nabble.com,1
www.myxzy.com,1
security.devexpress.com,1
fisheye.igniterealtime.org,1
labs.davidsopas.com,1
mailman-mail5.webfaction.com,1
forgerock.org,1
sources.forgerock.org,1
spagoworld.org,1
scott.arciszewski.me,1
www.geoilandgas.com,1
chargen.matasano.com,1
xoonips.sourceforge.jp,1
getid3.sourceforge.net,1
addons.zarilia.com,1
osp.cvs.sourceforge.net,1
ebascripts.com,1
www.yarubo.com,1
libraries.ge.com,1
lists.fusionforge.org,1
barmat.io,1
lists.openmicroscopy.org.uk,1
unrarlib.svn.sourceforge.net,1
segroup.fujitsu.com,1
infusion.110mb.com,1
balsa.gnome.org,1
forums.awcreator.com,1
overlayweaver.sourceforge.net,1
mangobery.svn.sourceforge.net,1
dproxy.cvs.sourceforge.net,1
internap.dl.sourceforge.net,1
dkret.svn.sourceforge.net,1
www.mawk.org,1
forum.fuzzylime.co.uk,1
spip-edu.edres74.net,1
www.kurinton.net,1
www.curl.haxx.se,1
85.10.222.122,1
www.kernelhub.org,1
matasano.com,1
ccsinjection.lepidum.co.jp,1
blog.alguien.at,1
wiki.openwebanalytics.com,1
www.intelsecurity.com,1
fortiguardcenter.com,1
libmail.georgialibraries.org,1
hte.cvs.sourceforge.net,1
www.xmors-security.com,1
umn.dl.sourceforge.net,1
blogs.reucon.com,1
www.bitchiller.de,1
45.32.113.185,1
trac.kodi.tv,1
www.secz.org,1
blog.techorganic.com,1
trac.xbmc.org,1
codepress.sourceforge.net,1
progress.atgnow.com,1
www.orkaan.org,1
scintilla.cvs.sourceforge.net,1
group-office.svn.sourceforge.net,1
bugzilla.globus.org,1
www.from0to1.me,1
greysec.net,1
forum.cisco.com,1
www.freshervisions.com,1
forums.opensymphony.com,1
wiki.opensymphony.com,1
flac.sourceforge.net,1
akky.cjb.net,1
vul.su.ki,1
hacker.feiyulive.com,1
www.iplantom.com,1
www.w0lfzhang.com,1
blog.threatpress.com,1
www1.hikvision.com,1
ti-tool.com,1
www.projectxit.com.au,1
blog.drinsama.de,1
streamripper.cvs.sourceforge.net,1
ftp.us.dell.com,1
www.hakim.ws,1
www.easyhack.in,1
www.mimaz.org,1
blog.secarma.co.uk,1
p0desta.com,1
phpvideopro.cvs.sourceforge.net,1
flashgamescript.com,1
www.sec-1labs.co.uk,1
www.jardinpresente.com.ar,1
xpkzxc.com,1
www.m3ks.org,1
cce-interact.cvs.sourceforge.net,1
support.ktdms.com,1
sasha.svn.sourceforge.net,1
wpsymposium-trac.sourcerepo.com,1
my.mitsubishi-automation.com,1
lxr.sourceforge.net,1
onlinesubtitles.svn.sourceforge.net,1
orchard.codeplex.com,1
mirror.fail,1
blog.preempt.com,1
libcg.git.sourceforge.net,1
logwatch.svn.sourceforge.net,1
perlninja.posterous.com,1
rdesktop.svn.sourceforge.net,1
musiccenter.sony.net,1
deepthought.isc.org,1
bugs.ariadne-cms.org,1
english.securitylab.ru,1
www.r57.li,1
ruby-gnome2.svn.sourceforge.net,1
www.timeprog.com,1
scponly.cvs.sourceforge.net,1
www.superunknown.org,1
anonsvn.remlab.net,1
mongrel.rubyforge.org,1
lists.globus.org,1
mksec.tk,1
www.cspcert.ph,1
leostream.kayako.com,1
www.hackinginside.altervista.org,1
picoflat.altervista.org,1
forum.usvn.info,1
forum.rigsofrods.com,1
forums.adventnet.com,1
trac.des.no,1
doliforge.org,1
www.zenpriseportal.com,1
dotxed.net,1
www.jakcms.com,1
oscss.svn.sourceforge.net,1
forums.oscss.org,1
www.vigasis.com,1
xen.1045712.n5.nabble.com,1
nbd.git.sourceforge.net,1
www.rhythm.cx,1
cache.automation.siemens.com,1
www.uscert.gov,1
etherape.sourceforge.net,1
zope2.zope.org,1
pukiwiki.cafelounge.net,1
www.dopewp.com,1
blog.riccardoancarani.it,1
netatalk.sourceforge.net,1
www.thecysec.in,1
development.invoiceplane.com,1
xymon.svn.sourceforge.net,1
git.process-one.net,1
codex.xiaoka.com,1
users.sec.t-labs.tu-berlin.de,1
git.dereferenced.org,1
my.instant-update.com,1
shadow-vault.com,1
grailsblog.objectcomputing.com,1
support.okex.com,1
testh5shanglv.minshengec.com:1024,1
blog.kos-lab.com,1