CVE_ID,URL,Status,Failure_Reason,Timestamp
CVE-2022-25581,https://github.com/k0xx11/Vulscve/blob/master/classcms2.5-rce.md,failed,Failed to fetch content,2025-01-09 18:08:56
CVE-2022-32525,https://download.schneider-electric.com/files?p_enDocType=Security+and+Safety+Notice&p_File_Name=SEVD-2022-165-01_IGSS_Security_Notification_V2.pdf,failed,Failed to fetch content,2025-01-09 18:08:56
CVE-2022-32430,https://www.mesec.cn/archives/277,failed,Failed to fetch content,2025-01-09 18:08:56
CVE-2022-32430,https://www.mesec.cn/archives/278,failed,Failed to fetch content,2025-01-09 18:08:56
CVE-2022-32540,https://psirt.bosch.com/security-advisories/bosch-sa-464066.html,failed,Failed to fetch content,2025-01-09 18:08:56
CVE-2022-37905,https://www.arubanetworks.com/assets/alert/ARUBA-PSA-2022-016.txt,failed,Failed to fetch content,2025-01-09 18:08:56
CVE-2022-22792,https://www.gov.il/en/departments/faq/cve_advisories,failed,Failed to fetch content,2025-01-09 18:08:56
CVE-2022-29922,https://search.abb.com/library/Download.aspx?DocumentID=8DBD000106&LanguageCode=en&DocumentPartId=&Action=Launch,failed,Failed to fetch content,2025-01-09 18:08:56
CVE-2022-43528,https://www.arubanetworks.com/assets/alert/ARUBA-PSA-2022-021.txt,failed,Failed to fetch content,2025-01-09 18:08:56
CVE-2021-27785,https://support.hcltechsw.com/csm?id=kb_article&sysparm_article=KB0099765,failed,Failed to fetch content,2025-01-09 18:08:56
CVE-2022-24394,https://fidelissecurity.zendesk.com/hc/en-us/articles/6211730139411,failed,Failed to fetch content,2025-01-09 18:08:56
CVE-2022-25428,https://github.com/EPhaha/IOT_vuln/tree/main/Tenda/AC9/3,failed,Failed to fetch content,2025-01-09 18:08:56
CVE-2022-24170,https://github.com/pjqwudi/my_vuln/blob/main/Tenda/vuln_36/36.md,failed,Failed to fetch content,2025-01-09 18:08:56
CVE-2022-37897,https://www.arubanetworks.com/assets/alert/ARUBA-PSA-2022-016.txt,failed,Failed to fetch content,2025-01-09 18:08:56
CVE-2022-30508,https://github.com/1security/Vulnerability/blob/master/web/dedecms/1.md,failed,Failed to fetch content,2025-01-09 18:08:56
CVE-2022-34770,https://www.gov.il/en/departments/faq/cve_advisories,failed,Failed to fetch content,2025-01-09 18:08:56
CVE-2022-23672,https://www.arubanetworks.com/assets/alert/ARUBA-PSA-2022-007.txt,failed,Failed to fetch content,2025-01-09 18:08:56
CVE-2022-25429,https://github.com/EPhaha/IOT_vuln/tree/main/Tenda/AC9/1,failed,Failed to fetch content,2025-01-09 18:08:56
CVE-2022-25081,https://github.com/EPhaha/IOT_vuln/blob/main/TOTOLink/T10/README.md,failed,Failed to fetch content,2025-01-09 18:08:56
CVE-2021-45740,https://github.com/pjqwudi/my_vuln/blob/main/totolink/vuln_4/4.md,failed,Failed to fetch content,2025-01-09 18:08:56
CVE-2022-26999,https://github.com/wudipjq/my_vuln/blob/main/ARRIS/vuln_8/8.md,failed,Failed to fetch content,2025-01-09 18:08:56
CVE-2022-28912,https://github.com/EPhaha/IOT_vuln/tree/main/TOTOLink/N600R/8,failed,Failed to fetch content,2025-01-09 18:08:56
CVE-2022-32526,https://download.schneider-electric.com/files?p_enDocType=Security+and+Safety+Notice&p_File_Name=SEVD-2022-165-01_IGSS_Security_Notification_V2.pdf,failed,Failed to fetch content,2025-01-09 18:08:56
CVE-2022-26995,https://github.com/wudipjq/my_vuln/blob/main/ARRIS/vuln_14/14.md,failed,Failed to fetch content,2025-01-09 18:08:56
CVE-2022-28940,https://github.com/zhefox/0day/blob/main/%E6%96%B0%E5%8D%8E%E4%B8%89magicR100%E5%AD%98%E5%9C%A8DOS%E6%94%BB%E5%87%BB%E6%BC%8F%E6%B4%9E%E5%88%86%E6%9E%90.md,failed,Failed to fetch content,2025-01-09 18:08:56
CVE-2022-22814,https://www.asus.com/Static_WebPage/ASUS-Product-Security-Advisory/,failed,Failed to fetch content,2025-01-09 18:08:56
CVE-2022-27005,https://github.com/wudipjq/my_vuln/blob/main/totolink/vuln_30/30.md,failed,Failed to fetch content,2025-01-09 18:08:56
CVE-2022-24167,https://github.com/pjqwudi/my_vuln/blob/main/Tenda/vuln_39/39.md,failed,Failed to fetch content,2025-01-09 18:08:56
CVE-2022-25431,https://github.com/EPhaha/IOT_vuln/tree/main/Tenda/AC9/4,failed,Failed to fetch content,2025-01-09 18:08:56
CVE-2022-25441,https://github.com/EPhaha/IOT_vuln/tree/main/Tenda/AC9/12,failed,Failed to fetch content,2025-01-09 18:08:56
CVE-2021-26634,https://www.krcert.or.kr/krcert/secNoticeView.do?bulletin_writing_sequence=66746,failed,Failed to fetch content,2025-01-09 18:08:56
CVE-2022-28909,https://github.com/EPhaha/IOT_vuln/tree/main/TOTOLink/N600R/3,failed,Failed to fetch content,2025-01-09 18:08:56
CVE-2022-39184,https://www.gov.il/en/Departments/faq/cve_advisories,failed,Failed to fetch content,2025-01-09 18:08:56
CVE-2022-34767,https://www.gov.il/en/Departments/faq/cve_advisories,failed,Failed to fetch content,2025-01-09 18:08:56
CVE-2022-32449,https://github.com/winmt/CVE/blob/main/TOTOLINK%20EX300_V2/README.md,failed,Failed to fetch content,2025-01-09 18:08:56
CVE-2022-32449,https://github.com/winmt/my-vuls/tree/main/TOTOLINK%20EX300_V2,failed,Failed to fetch content,2025-01-09 18:08:56
CVE-2022-37898,https://www.arubanetworks.com/assets/alert/ARUBA-PSA-2022-016.txt,failed,Failed to fetch content,2025-01-09 18:08:56
CVE-2022-25079,https://github.com/EPhaha/IOT_vuln/blob/main/TOTOLink/A810R/README.md,failed,Failed to fetch content,2025-01-09 18:08:56
CVE-2022-23741,https://docs.github.com/en/enterprise-server%403.3/admin/release-notes#3.3.17,failed,Failed to fetch content,2025-01-09 18:08:56
CVE-2022-23741,https://docs.github.com/en/enterprise-server%403.4/admin/release-notes#3.4.12,failed,Failed to fetch content,2025-01-09 18:08:56
CVE-2022-23741,https://docs.github.com/en/enterprise-server%403.5/admin/release-notes#3.5.9,failed,Failed to fetch content,2025-01-09 18:08:56
CVE-2022-23741,https://docs.github.com/en/enterprise-server%403.6/admin/release-notes#3.6.5,failed,Failed to fetch content,2025-01-09 18:08:56
CVE-2022-26994,https://github.com/wudipjq/my_vuln/blob/main/ARRIS/vuln_5/5.md,failed,Failed to fetch content,2025-01-09 18:08:56
CVE-2022-25076,https://github.com/EPhaha/IOT_vuln/blob/main/TOTOLink/A800R/README.md,failed,Failed to fetch content,2025-01-09 18:08:56
CVE-2022-37901,https://www.arubanetworks.com/assets/alert/ARUBA-PSA-2022-016.txt,failed,Failed to fetch content,2025-01-09 18:08:56
CVE-2021-45988,https://github.com/pjqwudi/my_vuln/blob/main/Tenda/vuln_5/5.md,failed,Failed to fetch content,2025-01-09 18:08:56
CVE-2021-26622,https://www.krcert.or.kr/krcert/secNoticeView.do?bulletin_writing_sequence=66580,failed,Failed to fetch content,2025-01-09 18:08:56
CVE-2022-41523,https://brief-nymphea-813.notion.site/NR1800X-bof-setTracerouteCfg-0e29fc2fcba74a28a3e3822d71ddb2ef,failed,Failed to fetch content,2025-01-09 18:08:56
CVE-2022-45301,https://github.com/ycdxsb/Vuln/blob/main/ruby-weak-permission-vuln/ruby-weak-permission-vuln.md,failed,Failed to fetch content,2025-01-09 18:08:56
CVE-2022-30620,https://www.gov.il/en/departments/faq/cve_advisories,failed,Failed to fetch content,2025-01-09 18:08:56
CVE-2022-32519,https://download.schneider-electric.com/files?p_enDocType=Security+and+Safety+Notice&p_File_Name=SEVD-2022-165-04_+Data_Center_Expert_Security_Notification.pdf&p_Doc_Ref=SEVD-2022-165-04,failed,Failed to fetch content,2025-01-09 18:08:56
CVE-2022-37900,https://www.arubanetworks.com/assets/alert/ARUBA-PSA-2022-016.txt,failed,Failed to fetch content,2025-01-09 18:08:56
CVE-2022-26572,https://github.com/yj12341/ColorQube-8580-/blob/main/README.md,failed,Failed to fetch content,2025-01-09 18:08:56
CVE-2021-22864,https://docs.github.com/en/enterprise-server%402.21/admin/release-notes#2.21.17,failed,Failed to fetch content,2025-01-09 18:08:56
CVE-2021-22864,https://docs.github.com/en/enterprise-server%402.22/admin/release-notes#2.22.9,failed,Failed to fetch content,2025-01-09 18:08:56
CVE-2021-22864,https://docs.github.com/en/enterprise-server%403.0/admin/release-notes#3.0.3,failed,Failed to fetch content,2025-01-09 18:08:56
CVE-2022-28496,https://github.com/B2eFly/Router/blob/main/totolink/CP900/1/1.md,failed,Failed to fetch content,2025-01-09 18:08:56
CVE-2022-27001,https://github.com/wudipjq/my_vuln/blob/main/ARRIS/vuln_7/7.md,failed,Failed to fetch content,2025-01-09 18:08:56
CVE-2022-25078,https://github.com/EPhaha/IOT_vuln/blob/main/TOTOLink/A3600R/README.md,failed,Failed to fetch content,2025-01-09 18:08:56
CVE-2022-27078,https://github.com/GD008/vuln/blob/main/tenda_M3_setAdInfoDetail/M3_setAdInfoDetail.md,failed,Failed to fetch content,2025-01-09 18:08:56
CVE-2022-44249,https://brief-nymphea-813.notion.site/LR350-command-injection-UploadFirmwareFile-f006f70e9e6540529d262a8d34154d24,failed,Failed to fetch content,2025-01-09 18:08:56
CVE-2022-37172,https://github.com/ycdxsb/Vuln/tree/main/Msys2-Vuln,failed,Failed to fetch content,2025-01-09 18:08:56
CVE-2022-28584,https://github.com/EPhaha/IOT_vuln/tree/main/TOTOLink/A7100RU/8,failed,Failed to fetch content,2025-01-09 18:08:56
CVE-2021-45997,https://github.com/pjqwudi/my_vuln/blob/main/Tenda/vuln_11/11.md,failed,Failed to fetch content,2025-01-09 18:08:56
CVE-2022-26991,https://github.com/wudipjq/my_vuln/blob/main/ARRIS/vuln_6/6.md,failed,Failed to fetch content,2025-01-09 18:08:56
CVE-2022-28910,https://github.com/EPhaha/IOT_vuln/tree/main/TOTOLink/N600R/9,failed,Failed to fetch content,2025-01-09 18:08:56
CVE-2022-23666,https://www.arubanetworks.com/assets/alert/ARUBA-PSA-2022-007.txt,failed,Failed to fetch content,2025-01-09 18:08:56
CVE-2022-37912,https://www.arubanetworks.com/assets/alert/ARUBA-PSA-2022-016.txt,failed,Failed to fetch content,2025-01-09 18:08:56
CVE-2022-25137,https://github.com/pjqwudi1/my_vuln/blob/main/totolink/vuln_15/15.md,failed,Failed to fetch content,2025-01-09 18:08:56
CVE-2021-45995,https://github.com/pjqwudi/my_vuln/blob/main/Tenda/vuln_9/9.md,failed,Failed to fetch content,2025-01-09 18:08:56
CVE-2022-27000,https://github.com/wudipjq/my_vuln/blob/main/ARRIS/vuln_12/12.md,failed,Failed to fetch content,2025-01-09 18:08:56
CVE-2022-25438,https://github.com/EPhaha/IOT_vuln/tree/main/Tenda/AC9/11,failed,Failed to fetch content,2025-01-09 18:08:56
CVE-2021-40341,https://search.abb.com/library/Download.aspx?DocumentID=8DBD000083&LanguageCode=en&DocumentPartId=&Action=Launch,failed,Failed to fetch content,2025-01-09 18:08:56
CVE-2021-40341,https://search.abb.com/library/Download.aspx?DocumentID=8DBD000084&LanguageCode=en&DocumentPartId=&Action=Launch,failed,Failed to fetch content,2025-01-09 18:08:56
CVE-2022-46631,https://github.com/EPhaha/IOT_vuln/tree/main/TOTOLink/A7100RU/6,failed,Failed to fetch content,2025-01-09 18:08:56
CVE-2022-26996,https://github.com/wudipjq/my_vuln/blob/main/ARRIS/vuln_13/13.md,failed,Failed to fetch content,2025-01-09 18:08:56
CVE-2021-36718,https://www.gov.il/en/departments/faq/cve_advisories,failed,Failed to fetch content,2025-01-09 18:08:56
CVE-2022-31164,https://github.com/tovyblox/tovy/pull/63,failed,Failed to fetch content,2025-01-09 18:08:56
CVE-2022-31164,https://github.com/tovyblox/tovy/security/advisories/GHSA-j6f8-wh4v-jc37,failed,Failed to fetch content,2025-01-09 18:08:56
CVE-2022-47697,https://github.com/OlivierLaflamme/cve/blob/main/COMFAST/CF-WR623N/unauth_account_takeover,failed,Failed to fetch content,2025-01-09 18:08:56
CVE-2022-28581,https://github.com/EPhaha/IOT_vuln/tree/main/TOTOLink/A7100RU/9,failed,Failed to fetch content,2025-01-09 18:08:56
CVE-2022-30623,https://www.gov.il/en/Departments/faq/cve_advisories,failed,Failed to fetch content,2025-01-09 18:08:56
CVE-2022-28908,https://github.com/EPhaha/IOT_vuln/tree/main/TOTOLink/N600R/4,failed,Failed to fetch content,2025-01-09 18:08:56
CVE-2022-38658,https://support.hcltechsw.com/csm?id=kb_article&sysparm_article=KB0102117,failed,Failed to fetch content,2025-01-09 18:08:56
CVE-2022-39182,https://www.gov.il/en/Departments/faq/cve_advisories,failed,Failed to fetch content,2025-01-09 18:08:56
CVE-2022-26213,https://github.com/pjqwudi1/my_vuln/blob/main/totolink/vuln_21/21.md,failed,Failed to fetch content,2025-01-09 18:08:56
CVE-2021-40336,https://search.abb.com/library/Download.aspx?DocumentID=8DBD000085&LanguageCode=en&DocumentPartId=&Action=Launch,failed,Failed to fetch content,2025-01-09 18:08:56
CVE-2022-31874,https://github.com/jayus0821/uai-poc/blob/main/ASUS/RT-N53/command%20injection.md,failed,Failed to fetch content,2025-01-09 18:08:56
CVE-2022-45304,https://github.com/ycdxsb/Vuln/blob/main/cmder-weak-permission-vuln/cmder-weak-permission-vuln.md,failed,Failed to fetch content,2025-01-09 18:08:56
CVE-2022-43539,https://www.arubanetworks.com/assets/alert/ARUBA-PSA-2022-020.txt,failed,Failed to fetch content,2025-01-09 18:08:56
CVE-2022-25620,https://www.sambabox.io/sambabox-surum-4-0/,failed,Failed to fetch content,2025-01-09 18:08:56
CVE-2022-37878,https://www.arubanetworks.com/assets/alert/ARUBA-PSA-2022-013.txt,failed,Failed to fetch content,2025-01-09 18:08:56
CVE-2022-26536,https://github.com/GD008/vuln/blob/main/tenda_M3_setFixTools/M3_setFixTools.md,failed,Failed to fetch content,2025-01-09 18:08:56
CVE-2022-43536,https://www.arubanetworks.com/assets/alert/ARUBA-PSA-2022-020.txt,failed,Failed to fetch content,2025-01-09 18:08:56
CVE-2022-38341,https://community.safe.com/s/article/Known-Issue-Lack-of-server-side-validation-when-creating-a-new-user-in-FME-Server,failed,Failed to fetch content,2025-01-09 18:08:56
CVE-2022-25434,https://github.com/EPhaha/IOT_vuln/tree/main/Tenda/AC9/6,failed,Failed to fetch content,2025-01-09 18:08:56
CVE-2022-26207,https://github.com/pjqwudi1/my_vuln/blob/main/totolink/vuln_28/28.md,failed,Failed to fetch content,2025-01-09 18:08:56
CVE-2022-4779,https://elvexys.com/products/xpg-gateway-rtu-protocol-converter/streamx-release-notes/,failed,Failed to fetch content,2025-01-09 18:08:56
CVE-2022-29490,https://search.abb.com/library/Download.aspx?DocumentID=8DBD000106&LanguageCode=en&DocumentPartId=&Action=Launch,failed,Failed to fetch content,2025-01-09 18:08:56
CVE-2022-26990,https://github.com/wudipjq/my_vuln/blob/main/ARRIS/vuln_2/2.md,failed,Failed to fetch content,2025-01-09 18:08:56
CVE-2022-40871,https://github.com/youncyb/dolibarr-rce,failed,Failed to fetch content,2025-01-09 18:08:56
CVE-2022-28911,https://github.com/EPhaha/IOT_vuln/tree/main/TOTOLink/N600R/7,failed,Failed to fetch content,2025-01-09 18:08:56
CVE-2022-34592,https://github.com/winmt/CVE/blob/main/WAVLINK%20WL-WN575A3/README.md,failed,Failed to fetch content,2025-01-09 18:08:56
CVE-2022-34592,https://github.com/winmt/my-vuls/tree/main/WAVLINK%20WL-WN575A3,failed,Failed to fetch content,2025-01-09 18:08:56
CVE-2022-22820,https://hackerone.com/reports/1357400,failed,Failed to fetch content,2025-01-09 18:08:56
CVE-2022-39186,https://www.gov.il/en/Departments/faq/cve_advisories,failed,Failed to fetch content,2025-01-09 18:08:56
CVE-2022-41520,https://brief-nymphea-813.notion.site/NR1800X-bof-UploadCustomModule-2bcabf2017084213b9a238fab938d782,failed,Failed to fetch content,2025-01-09 18:08:56
CVE-2022-27079,https://github.com/GD008/vuln/blob/main/tenda_M3_setPicListItem/M3_setPicListItem.md,failed,Failed to fetch content,2025-01-09 18:08:56
CVE-2022-26209,https://github.com/pjqwudi1/my_vuln/blob/main/totolink/vuln_24/24.md,failed,Failed to fetch content,2025-01-09 18:08:56
CVE-2021-26618,https://www.krcert.or.kr/krcert/secNoticeView.do?bulletin_writing_sequence=36456,failed,Failed to fetch content,2025-01-09 18:08:56
CVE-2021-45446,https://support.pentaho.com/hc/en-us/articles/6744813983501,failed,Failed to fetch content,2025-01-09 18:08:56
CVE-2022-27081,https://github.com/GD008/vuln/blob/main/tenda_M3_SetLanInfo/M3_SetLanInfo.md,failed,Failed to fetch content,2025-01-09 18:08:56
CVE-2022-24032,https://github.com/jdordonezn/CVE-2022-24032/issues/1,failed,Failed to fetch content,2025-01-09 18:08:56
CVE-2022-25427,https://github.com/EPhaha/IOT_vuln/tree/main/Tenda/AC9/2,failed,Failed to fetch content,2025-01-09 18:08:56
CVE-2022-30584,https://www.archerirm.community/t5/releases/tkb-p/releases,failed,Failed to fetch content,2025-01-09 18:08:56
CVE-2022-30584,https://www.archerirm.community/t5/security-advisories/archer-update-for-multiple-vulnerabilities/ta-p/677341,failed,Failed to fetch content,2025-01-09 18:08:56
CVE-2022-23657,https://www.arubanetworks.com/assets/alert/ARUBA-PSA-2022-007.txt,failed,Failed to fetch content,2025-01-09 18:08:56
CVE-2022-31687,https://www.vmware.com/security/advisories/VMSA-2022-0028.html,failed,Failed to fetch content,2025-01-09 18:08:56
CVE-2022-45996,https://github.com/bugfinder0/public_bug/tree/main/tenda/w20e/2,failed,Failed to fetch content,2025-01-09 18:08:56
CVE-2022-26255,https://github.com/Fndroid/clash_for_windows_pkg/issues/2710,failed,Failed to fetch content,2025-01-09 18:08:56
CVE-2022-44250,https://brief-nymphea-813.notion.site/LR350-command-injection-setOpModeCfg-7133dfcdeb9c4dfb87d9b5f4490b9a07,failed,Failed to fetch content,2025-01-09 18:08:56
CVE-2022-32523,https://download.schneider-electric.com/files?p_enDocType=Security+and+Safety+Notice&p_File_Name=SEVD-2022-165-01_IGSS_Security_Notification_V2.pdf,failed,Failed to fetch content,2025-01-09 18:08:56
CVE-2022-23769,https://www.krcert.or.kr/krcert/secNoticeView.do?bulletin_writing_sequence=66962,failed,Failed to fetch content,2025-01-09 18:08:56
CVE-2022-32054,https://github.com/winmt/CVE/blob/main/Tenda%20AC10/README.md,failed,Failed to fetch content,2025-01-09 18:08:56
CVE-2022-23665,https://www.arubanetworks.com/assets/alert/ARUBA-PSA-2022-007.txt,failed,Failed to fetch content,2025-01-09 18:08:56
CVE-2022-31849,https://github.com/skyedai910/Vuln/tree/master/MERCURY_MIPC451-4/command_execution_0,failed,Failed to fetch content,2025-01-09 18:08:56
CVE-2022-25131,https://github.com/pjqwudi1/my_vuln/blob/main/totolink/vuln_14/14.md,failed,Failed to fetch content,2025-01-09 18:08:56
CVE-2022-37899,https://www.arubanetworks.com/assets/alert/ARUBA-PSA-2022-016.txt,failed,Failed to fetch content,2025-01-09 18:08:56
CVE-2022-23737,https://docs.github.com/en/enterprise-server%403.2/admin/release-notes#3.2.20,failed,Failed to fetch content,2025-01-09 18:08:56
CVE-2022-23737,https://docs.github.com/en/enterprise-server%403.3/admin/release-notes#3.3.15,failed,Failed to fetch content,2025-01-09 18:08:56
CVE-2022-23737,https://docs.github.com/en/enterprise-server%403.4/admin/release-notes#3.4.10,failed,Failed to fetch content,2025-01-09 18:08:56
CVE-2022-23737,https://docs.github.com/en/enterprise-server%403.5/admin/release-notes#3.5.7,failed,Failed to fetch content,2025-01-09 18:08:56
CVE-2022-23737,https://docs.github.com/en/enterprise-server%403.6/admin/release-notes#3.6.3,failed,Failed to fetch content,2025-01-09 18:08:56
CVE-2022-23688,https://www.arubanetworks.com/assets/alert/ARUBA-PSA-2022-012.txt,failed,Failed to fetch content,2025-01-09 18:08:56
CVE-2022-4312,https://www.pcvuesolutions.com/support/index.php/en/security-bulletin/1171-security-bulletin-2022-7,failed,Failed to fetch content,2025-01-09 18:08:56
CVE-2022-31685,https://www.vmware.com/security/advisories/VMSA-2022-0028.html,failed,Failed to fetch content,2025-01-09 18:08:56
CVE-2022-24411,https://www.dell.com/support/kbdoc/000196657,failed,Failed to fetch content,2025-01-09 18:08:56
CVE-2021-45989,https://github.com/pjqwudi/my_vuln/blob/main/Tenda/vuln_4/4.md,failed,Failed to fetch content,2025-01-09 18:08:56
CVE-2022-21217,https://talosintelligence.com/vulnerability_reports/TALOS-2021-1445,failed,Failed to fetch content,2025-01-09 18:08:56
CVE-2021-45996,https://github.com/pjqwudi/my_vuln/tree/main/Tenda/vuln_8,failed,Failed to fetch content,2025-01-09 18:08:56
CVE-2022-32417,https://github.com/Snakinya/Vuln/issues/1,failed,Failed to fetch content,2025-01-09 18:08:56
CVE-2022-43537,https://www.arubanetworks.com/assets/alert/ARUBA-PSA-2022-020.txt,failed,Failed to fetch content,2025-01-09 18:08:56
CVE-2021-33081,https://www.solidigm.com/content/dam/newco-aem-site/master/site/support/Solidigm%20SA-000563%20rev1.1.pdf,failed,Failed to fetch content,2025-01-09 18:08:56
CVE-2022-25584,https://github.com/NSSCYCTFER/Flexwatch,failed,Failed to fetch content,2025-01-09 18:08:56
CVE-2021-23921,https://devolutions.net/security/advisories/devo-2021-0002,failed,Failed to fetch content,2025-01-09 18:08:56
CVE-2022-36034,https://github.com/cainthebest/nitrado.js/blob/v0.2.5/CHANGELOG.md,failed,Failed to fetch content,2025-01-09 18:08:56
CVE-2022-36034,https://github.com/cainthebest/nitrado.js/security/advisories/GHSA-vqc4-v8hc-h2jg,failed,Failed to fetch content,2025-01-09 18:08:56
CVE-2022-28497,https://github.com/B2eFly/Router/blob/main/totolink/CP900/6/6.md,failed,Failed to fetch content,2025-01-09 18:08:56
CVE-2022-26265,https://github.com/JCCD/Contao-Managed-Edition-1.5-RCE/blob/main/VulnerabilityDetails.md,failed,Failed to fetch content,2025-01-09 18:08:56
CVE-2022-25083,https://github.com/EPhaha/IOT_vuln/blob/main/TOTOLink/A860R/README.md,failed,Failed to fetch content,2025-01-09 18:08:56
CVE-2022-34597,https://github.com/zhefox/IOT_Vul/blob/main/Tenda/TendaAX1806/readme_en.md,failed,Failed to fetch content,2025-01-09 18:08:56
CVE-2022-28907,https://github.com/EPhaha/IOT_vuln/tree/main/TOTOLink/N600R/5,failed,Failed to fetch content,2025-01-09 18:08:56
CVE-2022-22798,https://www.gov.il/en/departments/faq/cve_advisories,failed,Failed to fetch content,2025-01-09 18:08:56
CVE-2022-25077,https://github.com/EPhaha/IOT_vuln/blob/main/TOTOLink/A3100R/README.md,failed,Failed to fetch content,2025-01-09 18:08:56
CVE-2022-23658,https://www.arubanetworks.com/assets/alert/ARUBA-PSA-2022-007.txt,failed,Failed to fetch content,2025-01-09 18:08:56
CVE-2022-42978,https://gist.github.com/CveCt0r/34251664a511f1045ce6a5492e94eec1,failed,Failed to fetch content,2025-01-09 18:08:56
CVE-2022-27003,https://github.com/wudipjq/my_vuln/blob/main/totolink/vuln_32/32.md,failed,Failed to fetch content,2025-01-09 18:08:56
CVE-2021-27770,https://support.hcltechsw.com/csm?id=kb_article&sysparm_article=KB0097430,failed,Failed to fetch content,2025-01-09 18:08:56
CVE-2022-23732,https://docs.github.com/en/enterprise-server%403.1/admin/release-notes#3.1.19,failed,Failed to fetch content,2025-01-09 18:08:56
CVE-2022-23732,https://docs.github.com/en/enterprise-server%403.2/admin/release-notes#3.2.11,failed,Failed to fetch content,2025-01-09 18:08:56
CVE-2022-23732,https://docs.github.com/en/enterprise-server%403.3/admin/release-notes#3.3.6,failed,Failed to fetch content,2025-01-09 18:08:56
CVE-2022-23732,https://docs.github.com/en/enterprise-server%403.4/admin/release-notes#3.4.1,failed,Failed to fetch content,2025-01-09 18:08:56
CVE-2022-25084,https://github.com/EPhaha/IOT_vuln/blob/main/TOTOLink/T6/README.md,failed,Failed to fetch content,2025-01-09 18:08:56
CVE-2022-46258,https://docs.github.com/en/enterprise-server%403.3/admin/release-notes#3.3.16,failed,Failed to fetch content,2025-01-09 18:08:56
CVE-2022-46258,https://docs.github.com/en/enterprise-server%403.4/admin/release-notes#3.4.11,failed,Failed to fetch content,2025-01-09 18:08:56
CVE-2022-46258,https://docs.github.com/en/enterprise-server%403.5/admin/release-notes#3.5.8,failed,Failed to fetch content,2025-01-09 18:08:56
CVE-2022-46258,https://docs.github.com/en/enterprise-server%403.6/admin/release-notes#3.6.4,failed,Failed to fetch content,2025-01-09 18:08:56
CVE-2022-24388,https://fidelissecurity.zendesk.com/hc/en-us/articles/6211730139411,failed,Failed to fetch content,2025-01-09 18:08:56
CVE-2022-28575,https://github.com/EPhaha/IOT_vuln/tree/main/TOTOLink/A7100RU/1,failed,Failed to fetch content,2025-01-09 18:08:56
CVE-2022-44756,https://support.hcltechsw.com/csm?id=kb_article&sysparm_article=KB0102168,failed,Failed to fetch content,2025-01-09 18:08:56
CVE-2022-45305,https://github.com/ycdxsb/Vuln/blob/main/python3-weak-permission-vuln/python3-weak-permission-vuln.md,failed,Failed to fetch content,2025-01-09 18:08:56
CVE-2022-24168,https://github.com/pjqwudi/my_vuln/blob/main/Tenda/vuln_37/37.md,failed,Failed to fetch content,2025-01-09 18:08:56
CVE-2022-43540,https://www.arubanetworks.com/assets/alert/ARUBA-PSA-2022-020.txt,failed,Failed to fetch content,2025-01-09 18:08:56
CVE-2022-23663,https://www.arubanetworks.com/assets/alert/ARUBA-PSA-2022-007.txt,failed,Failed to fetch content,2025-01-09 18:08:56
CVE-2022-24393,https://fidelissecurity.zendesk.com/hc/en-us/articles/6211730139411,failed,Failed to fetch content,2025-01-09 18:08:56
CVE-2022-36563,https://github.com/ycdxsb/Vuln/blob/main/Railsinstaller-Vuln/Railsinstaller-Vuln.md,failed,Failed to fetch content,2025-01-09 18:08:56
CVE-2022-26210,https://github.com/pjqwudi1/my_vuln/blob/main/totolink/vuln_23/23.md,failed,Failed to fetch content,2025-01-09 18:08:56
CVE-2021-26613,https://www.boho.or.kr/krcert/secNoticeView.do?bulletin_writing_sequence=36437,failed,Failed to fetch content,2025-01-09 18:08:56
CVE-2022-44252,https://brief-nymphea-813.notion.site/LR350-command-injection-setUploadSetting-b6d3012a3c2f43adac79c44edd57c937,failed,Failed to fetch content,2025-01-09 18:08:56
CVE-2022-41158,https://www.krcert.or.kr/krcert/secNoticeView.do?bulletin_writing_sequence=67043,failed,Failed to fetch content,2025-01-09 18:08:56
CVE-2022-45550,https://github.com/loadream/AyaCMS/issues/8,failed,Failed to fetch content,2025-01-09 18:08:56
CVE-2022-23671,https://www.arubanetworks.com/assets/alert/ARUBA-PSA-2022-007.txt,failed,Failed to fetch content,2025-01-09 18:08:56
CVE-2022-37904,https://www.arubanetworks.com/assets/alert/ARUBA-PSA-2022-016.txt,failed,Failed to fetch content,2025-01-09 18:08:56
CVE-2022-44280,https://github.com/Onetpaer/bug_report/blob/main/vendors/oretnom23/automotive-shop-management-system/delete-1.md,failed,Failed to fetch content,2025-01-09 18:08:56
CVE-2022-42901,https://www.bentley.com/legal/common-vulnerability-exposure-be-2022-0018/,failed,Failed to fetch content,2025-01-09 18:08:56
CVE-2022-34775,https://www.gov.il/en/departments/faq/cve_advisories,failed,Failed to fetch content,2025-01-09 18:08:56
CVE-2022-3488,https://kb.isc.org/docs/cve-2022-3488,failed,Failed to fetch content,2025-01-09 18:08:56
CVE-2022-45306,https://github.com/ycdxsb/Vuln/blob/main/azure-pipelines-agent-weak-permission-vuln/azure-pipelines-agent-weak-permission-vuln.md,failed,Failed to fetch content,2025-01-09 18:08:56
CVE-2022-2155,https://search.abb.com/library/Download.aspx?DocumentID=8DBD000112&LanguageCode=en&DocumentPartId=&Action=Launch,failed,Failed to fetch content,2025-01-09 18:08:56
CVE-2022-43366,https://github.com/splashsc/IOT_Vulnerability_Discovery/blob/main/ip-com/4_information_disclosure.md,failed,Failed to fetch content,2025-01-09 18:08:56
CVE-2022-32518,https://download.schneider-electric.com/files?p_enDocType=Security+and+Safety+Notice&p_File_Name=SEVD-2022-165-04_+Data_Center_Expert_Security_Notification.pdf&p_Doc_Ref=SEVD-2022-165-04,failed,Failed to fetch content,2025-01-09 18:08:56
CVE-2022-25437,https://github.com/EPhaha/IOT_vuln/tree/main/Tenda/AC9/9,failed,Failed to fetch content,2025-01-09 18:08:56
CVE-2022-24148,https://github.com/pjqwudi/my_vuln/blob/main/Tenda/vuln_14/14.md,failed,Failed to fetch content,2025-01-09 18:08:56
CVE-2022-23317,https://donghuangt1.com/writings/Stager/,failed,Failed to fetch content,2025-01-09 18:08:56
CVE-2022-29171,https://github.com/sourcegraph/sourcegraph/security/advisories/GHSA-r2m9-hfg8-4c38,failed,Failed to fetch content,2025-01-09 18:08:56
CVE-2022-27544,https://support.hcltechsw.com/csm?id=kb_article&sysparm_article=KB0098998,failed,Failed to fetch content,2025-01-09 18:08:56
CVE-2022-26212,https://github.com/pjqwudi1/my_vuln/blob/main/totolink/vuln_26/26.md,failed,Failed to fetch content,2025-01-09 18:08:56
CVE-2022-28905,https://github.com/EPhaha/IOT_vuln/tree/main/TOTOLink/N600R/1,failed,Failed to fetch content,2025-01-09 18:08:56
CVE-2022-3868,https://github.com/x9AD8/Sanitization-Management-System/blob/main/README.md,failed,Failed to fetch content,2025-01-09 18:08:56
CVE-2022-27373,https://github.com/kitu232/feixun,failed,Failed to fetch content,2025-01-09 18:08:56
CVE-2022-26997,https://github.com/wudipjq/my_vuln/blob/main/ARRIS/vuln_9/9.md,failed,Failed to fetch content,2025-01-09 18:08:56
CVE-2022-27082,https://github.com/GD008/vuln/blob/main/tenda_M3_SetInternetLanInfo/M3_SetInternetLanInfo.md,failed,Failed to fetch content,2025-01-09 18:08:56
CVE-2022-24392,https://fidelissecurity.zendesk.com/hc/en-us/articles/6211730139411,failed,Failed to fetch content,2025-01-09 18:08:56
CVE-2022-28582,https://github.com/EPhaha/IOT_vuln/tree/main/TOTOLink/A7100RU/6,failed,Failed to fetch content,2025-01-09 18:08:56
CVE-2022-38556,https://github.com/xxy1126/Vuln/tree/main/2,failed,Failed to fetch content,2025-01-09 18:08:56
CVE-2022-34043,https://github.com/ycdxsb/Vuln/tree/main/Nomachine-Incorrect-Folder-Permission,failed,Failed to fetch content,2025-01-09 18:08:56
CVE-2022-24171,https://github.com/pjqwudi/my_vuln/blob/main/Tenda/vuln_35/35.md,failed,Failed to fetch content,2025-01-09 18:08:56
CVE-2022-42445,https://support.hcltechsw.com/csm?id=kb_article&sysparm_article=KB0101208,failed,Failed to fetch content,2025-01-09 18:08:56
CVE-2022-25134,https://github.com/pjqwudi1/my_vuln/blob/main/totolink/vuln_13/13.md,failed,Failed to fetch content,2025-01-09 18:08:56
CVE-2022-23766,https://www.krcert.or.kr/krcert/secNoticeView.do?bulletin_writing_sequence=66925,failed,Failed to fetch content,2025-01-09 18:08:56
CVE-2021-26638,https://www.krcert.or.kr/krcert/secNoticeView.do?bulletin_writing_sequence=66783,failed,Failed to fetch content,2025-01-09 18:08:56
CVE-2022-32527,https://download.schneider-electric.com/files?p_enDocType=Security+and+Safety+Notice&p_File_Name=SEVD-2022-165-01_IGSS_Security_Notification_V2.pdf,failed,Failed to fetch content,2025-01-09 18:08:56
CVE-2022-25433,https://github.com/EPhaha/IOT_vuln/tree/main/Tenda/AC9/5,failed,Failed to fetch content,2025-01-09 18:08:56
CVE-2022-27080,https://github.com/GD008/vuln/blob/main/tenda_M3_setWorkmode/M3_setWorkmode.md,failed,Failed to fetch content,2025-01-09 18:08:56
CVE-2022-25132,https://github.com/pjqwudi1/my_vuln/blob/main/totolink/vuln_16/16.md,failed,Failed to fetch content,2025-01-09 18:08:56
CVE-2022-43367,https://github.com/splashsc/IOT_Vulnerability_Discovery/blob/main/ip-com/2_cmdi.md,failed,Failed to fetch content,2025-01-09 18:08:56
CVE-2022-41524,https://brief-nymphea-813.notion.site/NR1800X-bof-setParentalRules-0da79b5ce7d44212b275a33b77935a42,failed,Failed to fetch content,2025-01-09 18:08:56
CVE-2021-26617,https://www.krcert.or.kr/krcert/secNoticeView.do?bulletin_writing_sequence=36469,failed,Failed to fetch content,2025-01-09 18:08:56
CVE-2022-44844,https://github.com/EPhaha/IOT_vuln/tree/main/TOTOLink/A7100RU/2,failed,Failed to fetch content,2025-01-09 18:08:56
CVE-2021-45994,https://github.com/pjqwudi/my_vuln/blob/main/Tenda/vuln_12/12.md,failed,Failed to fetch content,2025-01-09 18:08:56
CVE-2022-28579,https://github.com/EPhaha/IOT_vuln/tree/main/TOTOLink/A7100RU/4,failed,Failed to fetch content,2025-01-09 18:08:56
CVE-2022-23673,https://www.arubanetworks.com/assets/alert/ARUBA-PSA-2022-007.txt,failed,Failed to fetch content,2025-01-09 18:08:56
CVE-2022-31154,https://github.com/sourcegraph/sourcegraph/pull/37526,failed,Failed to fetch content,2025-01-09 18:08:56
CVE-2022-31154,https://github.com/sourcegraph/sourcegraph/security/advisories/GHSA-5866-hhq9-9hpc,failed,Failed to fetch content,2025-01-09 18:08:56
CVE-2022-24390,https://fidelissecurity.zendesk.com/hc/en-us/articles/6211730139411,failed,Failed to fetch content,2025-01-09 18:08:56
CVE-2022-23682,https://www.arubanetworks.com/assets/alert/ARUBA-PSA-2022-012.txt,failed,Failed to fetch content,2025-01-09 18:08:56
CVE-2022-41521,https://brief-nymphea-813.notion.site/NR1800X-bof-setIpPortFilterRules-fd99f83f37ad40fab7d7b376942633d2,failed,Failed to fetch content,2025-01-09 18:08:56
CVE-2022-26206,https://github.com/pjqwudi1/my_vuln/blob/main/totolink/vuln_27/27.md,failed,Failed to fetch content,2025-01-09 18:08:56
CVE-2022-27004,https://github.com/wudipjq/my_vuln/blob/main/totolink/vuln_31/31.md,failed,Failed to fetch content,2025-01-09 18:08:56
CVE-2022-26993,https://github.com/wudipjq/my_vuln/blob/main/ARRIS/vuln_4/4.md,failed,Failed to fetch content,2025-01-09 18:08:56
CVE-2021-26267,https://docs.cpanel.net/changelogs/92-change-log/,failed,Failed to fetch content,2025-01-09 18:08:56
CVE-2021-31755,https://github.com/Yu3H0/IoT_CVE/tree/main/Tenda/CVE_3,failed,Failed to fetch content,2025-01-09 18:08:56
CVE-2022-23667,https://www.arubanetworks.com/assets/alert/ARUBA-PSA-2022-007.txt,failed,Failed to fetch content,2025-01-09 18:08:56
CVE-2022-25135,https://github.com/pjqwudi1/my_vuln/blob/main/totolink/vuln_19/19.md,failed,Failed to fetch content,2025-01-09 18:08:56
CVE-2022-36780,https://www.gov.il/en/Departments/faq/cve_advisories,failed,Failed to fetch content,2025-01-09 18:08:56
CVE-2022-34595,https://github.com/zhefox/IOT_Vul/blob/main/Tenda/tendaAX1803/readme_en.md,failed,Failed to fetch content,2025-01-09 18:08:56
CVE-2021-45991,https://github.com/pjqwudi/my_vuln/blob/main/Tenda/vuln_6/6.md,failed,Failed to fetch content,2025-01-09 18:08:56
CVE-2022-34764,https://download.schneider-electric.com/files?p_enDocType=Security+and+Safety+Notice&p_File_Name=SEVD-2022-193-01_OPC_UA_X80_Advanced_RTU_Modicon_Communication_Modules+_Security_Notification.pdf,failed,Failed to fetch content,2025-01-09 18:08:56
CVE-2022-34773,https://www.gov.il/en/departments/faq/cve_advisories,failed,Failed to fetch content,2025-01-09 18:08:56
CVE-2022-36263,https://github.com/ycdxsb/Vuln/blob/main/Streamlabs-CreateProcessW-API-Misuse-Binary-Hijack/,failed,Failed to fetch content,2025-01-09 18:08:56
CVE-2022-23686,https://www.arubanetworks.com/assets/alert/ARUBA-PSA-2022-012.txt,failed,Failed to fetch content,2025-01-09 18:08:56
CVE-2022-37680,https://gist.github.com/Nwqda/5efea18c9142c6a966d85c6be2c0c2b5,failed,Failed to fetch content,2025-01-09 18:08:56
CVE-2022-37680,https://www.hitachi-kokusai.co.jp/global/en/products/info/vulnerable/hitachi-sec-2022-001/index.html,failed,Failed to fetch content,2025-01-09 18:08:56
CVE-2022-25075,https://github.com/EPhaha/IOT_vuln/blob/main/TOTOLink/A3000RU/README.md,failed,Failed to fetch content,2025-01-09 18:08:56
CVE-2022-25136,https://github.com/pjqwudi1/my_vuln/blob/main/totolink/vuln_17/17.md,failed,Failed to fetch content,2025-01-09 18:08:56
CVE-2021-26637,https://www.krcert.or.kr/krcert/secNoticeView.do?bulletin_writing_sequence=66782,failed,Failed to fetch content,2025-01-09 18:08:56
CVE-2022-23765,https://www.krcert.or.kr/krcert/secNoticeView.do?bulletin_writing_sequence=66877,failed,Failed to fetch content,2025-01-09 18:08:56
CVE-2022-26998,https://github.com/wudipjq/my_vuln/blob/main/ARRIS/vuln_11/11.md,failed,Failed to fetch content,2025-01-09 18:08:56
CVE-2022-36564,https://github.com/ycdxsb/Vuln/blob/main/StrawberryPerl-Vuln/StrawberryPerl-Vuln.md,failed,Failed to fetch content,2025-01-09 18:08:56
CVE-2022-28913,https://github.com/EPhaha/IOT_vuln/tree/main/TOTOLink/N600R/10,failed,Failed to fetch content,2025-01-09 18:08:56
CVE-2022-21796,https://talosintelligence.com/vulnerability_reports/TALOS-2021-1451,failed,Failed to fetch content,2025-01-09 18:08:56
CVE-2022-32520,https://download.schneider-electric.com/files?p_enDocType=Security+and+Safety+Notice&p_File_Name=SEVD-2022-165-04_+Data_Center_Expert_Security_Notification.pdf&p_Doc_Ref=SEVD-2022-165-04,failed,Failed to fetch content,2025-01-09 18:08:56
CVE-2022-34765,https://download.schneider-electric.com/files?p_enDocType=Security+and+Safety+Notice&p_File_Name=SEVD-2022-193-01_OPC_UA_X80_Advanced_RTU_Modicon_Communication_Modules+_Security_Notification.pdf,failed,Failed to fetch content,2025-01-09 18:08:56
CVE-2021-45737,https://github.com/pjqwudi/my_vuln/blob/main/totolink/vuln_6/6.md,failed,Failed to fetch content,2025-01-09 18:08:56
CVE-2022-27002,https://github.com/wudipjq/my_vuln/blob/main/ARRIS/vuln_10/10.md,failed,Failed to fetch content,2025-01-09 18:08:56
CVE-2022-32529,https://download.schneider-electric.com/files?p_enDocType=Security+and+Safety+Notice&p_File_Name=SEVD-2022-165-01_IGSS_Security_Notification_V2.pdf,failed,Failed to fetch content,2025-01-09 18:08:56
CVE-2022-26289,https://github.com/GD008/vuln/blob/main/tenda_M3_exeCommand/M3_exeCommand.md,failed,Failed to fetch content,2025-01-09 18:08:56
CVE-2022-27560,https://support.hcltechsw.com/csm?id=kb_article&sysparm_article=KB0100150,failed,Failed to fetch content,2025-01-09 18:08:56
CVE-2022-25080,https://github.com/EPhaha/IOT_vuln/blob/main/TOTOLink/A830R/README.md,failed,Failed to fetch content,2025-01-09 18:08:56
CVE-2022-30625,https://www.gov.il/en/Departments/faq/cve_advisories,failed,Failed to fetch content,2025-01-09 18:08:56
CVE-2022-44843,https://github.com/EPhaha/IOT_vuln/tree/main/TOTOLink/A7100RU/1,failed,Failed to fetch content,2025-01-09 18:08:56
CVE-2022-23660,https://www.arubanetworks.com/assets/alert/ARUBA-PSA-2022-007.txt,failed,Failed to fetch content,2025-01-09 18:08:56
CVE-2022-23664,https://www.arubanetworks.com/assets/alert/ARUBA-PSA-2022-007.txt,failed,Failed to fetch content,2025-01-09 18:08:56
CVE-2022-25082,https://github.com/EPhaha/IOT_vuln/blob/main/TOTOLink/A950RG/README.md,failed,Failed to fetch content,2025-01-09 18:08:56
CVE-2022-41942,https://github.com/sourcegraph/sourcegraph/pull/42553,failed,Failed to fetch content,2025-01-09 18:08:56
CVE-2022-41942,https://github.com/sourcegraph/sourcegraph/security/advisories/GHSA-pfm3-23mh-6xjp,failed,Failed to fetch content,2025-01-09 18:08:56
CVE-2022-26214,https://github.com/pjqwudi1/my_vuln/blob/main/totolink/vuln_29/29.md,failed,Failed to fetch content,2025-01-09 18:08:56
CVE-2022-23691,https://www.arubanetworks.com/assets/alert/ARUBA-PSA-2022-012.txt,failed,Failed to fetch content,2025-01-09 18:08:56
CVE-2022-27083,https://github.com/GD008/vuln/blob/main/tenda_M3_uploadAccessCodePic/M3_uploadAccessCodePic.md,failed,Failed to fetch content,2025-01-09 18:08:56
CVE-2022-3203,https://mads.uniud.it/2022/09/lord-of-the-orings/,failed,Failed to fetch content,2025-01-09 18:08:56
CVE-2022-42977,https://gist.github.com/CveCt0r/34251664a511f1045ce6a5492e94eec1,failed,Failed to fetch content,2025-01-09 18:08:56
CVE-2022-28578,https://github.com/EPhaha/IOT_vuln/tree/main/TOTOLink/A7100RU/2,failed,Failed to fetch content,2025-01-09 18:08:56
CVE-2022-23171,https://www.gov.il/en/departments/faq/cve_advisories,failed,Failed to fetch content,2025-01-09 18:08:56
CVE-2022-28906,https://github.com/EPhaha/IOT_vuln/tree/main/TOTOLink/N600R/2,failed,Failed to fetch content,2025-01-09 18:08:56
CVE-2021-22941,https://support.citrix.com/article/CTX328123,failed,Failed to fetch content,2025-01-09 18:08:56
CVE-2022-31686,https://www.vmware.com/security/advisories/VMSA-2022-0028.html,failed,Failed to fetch content,2025-01-09 18:08:56
CVE-2021-45739,https://github.com/pjqwudi/my_vuln/blob/main/totolink/vuln_5/5.md,failed,Failed to fetch content,2025-01-09 18:08:56
CVE-2022-24144,https://github.com/pjqwudi/my_vuln/tree/main/Tenda/vuln_13,failed,Failed to fetch content,2025-01-09 18:08:56
CVE-2022-31155,https://github.com/sourcegraph/sourcegraph/commit/2832d7882396a6295ba5803b5ef48dc7d5a24c59,failed,Failed to fetch content,2025-01-09 18:08:56
CVE-2022-31155,https://github.com/sourcegraph/sourcegraph/security/advisories/GHSA-37qp-9jq6-f6mx,failed,Failed to fetch content,2025-01-09 18:08:56
CVE-2022-26211,https://github.com/pjqwudi1/my_vuln/blob/main/totolink/vuln_25/25.md,failed,Failed to fetch content,2025-01-09 18:08:56
CVE-2022-26992,https://github.com/wudipjq/my_vuln/blob/main/ARRIS/vuln_3/3.md,failed,Failed to fetch content,2025-01-09 18:08:56
CVE-2022-27077,https://github.com/GD008/vuln/blob/main/tenda_M3_uploadWeiXinPic/M3_uploadWeiXinPic.md,failed,Failed to fetch content,2025-01-09 18:08:56
CVE-2022-23662,https://www.arubanetworks.com/assets/alert/ARUBA-PSA-2022-007.txt,failed,Failed to fetch content,2025-01-09 18:08:56
CVE-2022-46372,https://www.gov.il/en/Departments/faq/cve_advisories,failed,Failed to fetch content,2025-01-09 18:08:56
CVE-2022-32524,https://download.schneider-electric.com/files?p_enDocType=Security+and+Safety+Notice&p_File_Name=SEVD-2022-165-01_IGSS_Security_Notification_V2.pdf,failed,Failed to fetch content,2025-01-09 18:08:56
CVE-2022-34769,https://www.gov.il/en/Departments/faq/cve_advisories,failed,Failed to fetch content,2025-01-09 18:08:56
CVE-2022-23661,https://www.arubanetworks.com/assets/alert/ARUBA-PSA-2022-007.txt,failed,Failed to fetch content,2025-01-09 18:08:56
CVE-2021-45741,https://github.com/pjqwudi/my_vuln/blob/main/totolink/vuln_11/11.md,failed,Failed to fetch content,2025-01-09 18:08:56
CVE-2021-26635,https://www.krcert.or.kr/krcert/secNoticeView.do?bulletin_writing_sequence=66747,failed,Failed to fetch content,2025-01-09 18:08:56
CVE-2022-26208,https://github.com/pjqwudi1/my_vuln/blob/main/totolink/vuln_22/22.md,failed,Failed to fetch content,2025-01-09 18:08:56
CVE-2022-26546,https://github.com/kabirkhyrul/HMS,failed,Failed to fetch content,2025-01-09 18:08:56
CVE-2022-26546,https://github.com/kabirkhyrul/HMS/discussions/12,failed,Failed to fetch content,2025-01-09 18:08:56
CVE-2022-23739,https://docs.github.com/en/enterprise-server%403.3/admin/release-notes#3.3.16,failed,Failed to fetch content,2025-01-09 18:08:56
CVE-2022-23739,https://docs.github.com/en/enterprise-server%403.4/admin/release-notes#3.4.11,failed,Failed to fetch content,2025-01-09 18:08:56
CVE-2022-23739,https://docs.github.com/en/enterprise-server%403.5/admin/release-notes#3.5.8,failed,Failed to fetch content,2025-01-09 18:08:56
CVE-2022-23739,https://docs.github.com/en/enterprise-server%403.6/admin/release-notes#3.6.4,failed,Failed to fetch content,2025-01-09 18:08:56
CVE-2022-23739,https://docs.github.com/en/enterprise-server%403.7/admin/release-notes#3.7.1,failed,Failed to fetch content,2025-01-09 18:08:56
CVE-2022-32522,https://download.schneider-electric.com/files?p_enDocType=Security+and+Safety+Notice&p_File_Name=SEVD-2022-165-01_IGSS_Security_Notification_V2.pdf,failed,Failed to fetch content,2025-01-09 18:08:56
CVE-2022-23689,https://www.arubanetworks.com/assets/alert/ARUBA-PSA-2022-012.txt,failed,Failed to fetch content,2025-01-09 18:08:56
CVE-2022-38334,https://forum.xpdfreader.com/viewtopic.php?f=3&t=42122,failed,Failed to fetch content,2025-01-09 18:08:56
CVE-2022-38334,https://forum.xpdfreader.com/viewtopic.php?f=3&t=42314&p=43872,failed,Failed to fetch content,2025-01-09 18:08:56
CVE-2021-33076,https://www.solidigm.com/content/dam/newco-aem-site/master/site/support/Solidigm%20SA-000563%20rev1.1.pdf,failed,Failed to fetch content,2025-01-09 18:08:56
CVE-2022-30232,https://www.se.com/ww/en/download/document/SEVD-2022-130-01/,failed,Failed to fetch content,2025-01-09 18:08:56
CVE-2022-45005,https://github.com/splashsc/IOT_Vulnerability_Discovery/blob/main/ip-com/6_ping_cmdi.md,failed,Failed to fetch content,2025-01-09 18:08:56
CVE-2022-38342,https://community.safe.com/s/article/Known-Issue-FME-Server-XXE-vulnerability-via-adding-a-repository-item,failed,Failed to fetch content,2025-01-09 18:08:56
CVE-2021-27761,https://support.hcltechsw.com/csm?id=kb_article&sysparm_article=KB0098116,failed,Failed to fetch content,2025-01-09 18:08:56
CVE-2022-23687,https://www.arubanetworks.com/assets/alert/ARUBA-PSA-2022-012.txt,failed,Failed to fetch content,2025-01-09 18:08:56
CVE-2022-23681,https://www.arubanetworks.com/assets/alert/ARUBA-PSA-2022-012.txt,failed,Failed to fetch content,2025-01-09 18:08:56
CVE-2022-28580,https://github.com/EPhaha/IOT_vuln/tree/main/TOTOLink/A7100RU/5,failed,Failed to fetch content,2025-01-09 18:08:56
CVE-2021-44246,https://github.com/pjqwudi/my_vuln/blob/main/totolink/vuln_2/2.md,failed,Failed to fetch content,2025-01-09 18:08:56
CVE-2022-41975,https://help.realvnc.com/hc/en-us/articles/360002253138-Release-Notes#vnc-server-6-11-0-released-0-2,failed,Failed to fetch content,2025-01-09 18:08:56
CVE-2022-37914,https://www.arubanetworks.com/assets/alert/ARUBA-PSA-2022-015.txt,failed,Failed to fetch content,2025-01-09 18:08:56
CVE-2022-3388,https://search.abb.com/library/Download.aspx?DocumentID=8DBD000123&LanguageCode=en&DocumentPartId=&Action=Launch&elqaid=4293&elqat=1,failed,Failed to fetch content,2025-01-09 18:08:56
CVE-2022-27551,https://support.hcltechsw.com/csm?id=kb_article&sysparm_article=KB0099732,failed,Failed to fetch content,2025-01-09 18:08:56
CVE-2022-40100,https://github.com/splashsc/IOT_Vulnerability_Discovery/blob/main/Tenda/Tenda_i9/Command_Injection_formexeCommand.md,failed,Failed to fetch content,2025-01-09 18:08:56
CVE-2022-44251,https://brief-nymphea-813.notion.site/LR350-command-injection-setUssd-f25d6489a0e44468bf455e7af1173fdb,failed,Failed to fetch content,2025-01-09 18:08:56
CVE-2021-45736,https://github.com/pjqwudi/my_vuln/blob/main/totolink/vuln_9/9.md,failed,Failed to fetch content,2025-01-09 18:08:56
CVE-2022-45307,https://github.com/ycdxsb/Vuln/blob/main/php-weak-permission-vuln/php-weak-permission-vuln.md,failed,Failed to fetch content,2025-01-09 18:08:56
CVE-2022-24098,https://helpx.adobe.com/security/products/photoshop/apsb22-20.html,failed,Failed to fetch content,2025-01-09 18:08:56
CVE-2022-28583,https://github.com/EPhaha/IOT_vuln/tree/main/TOTOLink/A7100RU/7,failed,Failed to fetch content,2025-01-09 18:08:56
CVE-2021-27756,https://support.hcltechsw.com/csm?id=kb_article&sysparm_article=KB0096977,failed,Failed to fetch content,2025-01-09 18:08:56
CVE-2021-27764,https://support.hcltechsw.com/csm?id=kb_article&sysparm_article=KB0097778,failed,Failed to fetch content,2025-01-09 18:08:56
CVE-2022-26971,https://www.barco.com/en/support/knowledge-base/KB12681,failed,Failed to fetch content,2025-01-09 18:08:56
CVE-2022-26971,https://www.barco.com/en/support/transform-n-management-server,failed,Failed to fetch content,2025-01-09 18:08:56
CVE-2022-26205,https://github.com/V1ntLyn/marky_3686565726c65756e,failed,Failed to fetch content,2025-01-09 18:08:56
CVE-2022-29492,https://search.abb.com/library/Download.aspx?DocumentID=8DBD000106&LanguageCode=en&DocumentPartId=&Action=Launch,failed,Failed to fetch content,2025-01-09 18:08:56
CVE-2022-2394,https://puppet.com/security/cve/CVE-2022-2394,failed,Failed to fetch content,2025-01-09 18:08:56
CVE-2021-23874,http://service.mcafee.com/FAQDocument.aspx?&id=TS103114,failed,Failed to fetch content,2025-01-09 18:08:56
CVE-2022-24389,https://fidelissecurity.zendesk.com/hc/en-us/articles/6211730139411,failed,Failed to fetch content,2025-01-09 18:08:56
CVE-2021-40342,https://search.abb.com/library/Download.aspx?DocumentID=8DBD000083&LanguageCode=en&DocumentPartId=&Action=Launch,failed,Failed to fetch content,2025-01-09 18:08:56
CVE-2021-40342,https://search.abb.com/library/Download.aspx?DocumentID=8DBD000084&LanguageCode=en&DocumentPartId=&Action=Launch,failed,Failed to fetch content,2025-01-09 18:08:56
CVE-2022-4252,https://blog.csdn.net/weixin_43864034/article/details/128127288,failed,Failed to fetch content,2025-01-09 18:08:56
CVE-2022-23734,https://docs.github.com/en/enterprise-server%403.2/admin/release-notes#3.2.16,failed,Failed to fetch content,2025-01-09 18:08:56
CVE-2022-23734,https://docs.github.com/en/enterprise-server%403.3/admin/release-notes#3.3.11,failed,Failed to fetch content,2025-01-09 18:08:56
CVE-2022-23734,https://docs.github.com/en/enterprise-server%403.4/admin/release-notes#3.4.6,failed,Failed to fetch content,2025-01-09 18:08:56
CVE-2022-23734,https://docs.github.com/en/enterprise-server%403.5/admin/release-notes#3.5.3,failed,Failed to fetch content,2025-01-09 18:08:56
CVE-2022-27549,https://support.hcltechsw.com/csm?id=kb_article&sysparm_article=KB0099254,failed,Failed to fetch content,2025-01-09 18:08:56
CVE-2021-35531,https://search.abb.com/library/Download.aspx?DocumentID=8DBD000080&LanguageCode=en&DocumentPartId=&Action=Launch&utm_campaign=&utm_content=2022.04_5763_Cybersecurity%20Advisory%20Update_May_03&utm_medium=email&utm_source=Eloqua,failed,Failed to fetch content,2025-01-09 18:08:56
CVE-2021-45734,https://github.com/pjqwudi/my_vuln/blob/main/totolink/vuln_10/10.md,failed,Failed to fetch content,2025-01-09 18:08:56
CVE-2022-25439,https://github.com/EPhaha/IOT_vuln/tree/main/Tenda/AC9/8,failed,Failed to fetch content,2025-01-09 18:08:56
CVE-2022-25440,https://github.com/EPhaha/IOT_vuln/tree/main/Tenda/AC9/13,failed,Failed to fetch content,2025-01-09 18:08:56
CVE-2022-35928,https://github.com/paulej/AESCrypt/commit/68761851b595e96c68c3f46bfc21167e72c6a22c,failed,Failed to fetch content,2025-01-09 18:08:56
CVE-2022-35928,https://github.com/paulej/AESCrypt/security/advisories/GHSA-r7fv-72pg-fwrq,failed,Failed to fetch content,2025-01-09 18:08:56
CVE-2021-26624,https://www.krcert.or.kr/krcert/secNoticeView.do?bulletin_writing_sequence=66596,failed,Failed to fetch content,2025-01-09 18:08:56
CVE-2022-4561,https://github.com/wikimedia/mediawiki-extensions-SemanticDrilldown/commit/6e18cf740a4548166c1d95f6d3a28541d298a3aa,failed,Failed to fetch content,2025-01-09 18:08:56
CVE-2022-27128,https://github.com/wu610777031/My_CMSHunter/blob/main/zbzcms%20v1.0%20vulnerabilities.pdf,failed,Failed to fetch content,2025-01-09 18:08:56
CVE-2022-47873,https://fordefence.com/cve-2022-47873-keos-software-xx/,failed,Failed to fetch content,2025-01-09 18:08:56
CVE-2022-28577,https://github.com/EPhaha/IOT_vuln/tree/main/TOTOLink/A7100RU/3,failed,Failed to fetch content,2025-01-09 18:08:56
CVE-2021-27783,https://support.hcltechsw.com/csm?id=kb_article&sysparm_article=KB0098586,failed,Failed to fetch content,2025-01-09 18:08:56
CVE-2022-25130,https://github.com/pjqwudi1/my_vuln/blob/main/totolink/vuln_18/18.md,failed,Failed to fetch content,2025-01-09 18:08:56
CVE-2022-46634,https://github.com/EPhaha/IOT_vuln/tree/main/TOTOLink/A7100RU/7,failed,Failed to fetch content,2025-01-09 18:08:56
CVE-2022-30585,https://www.archerirm.community/t5/releases/tkb-p/releases,failed,Failed to fetch content,2025-01-09 18:08:56
CVE-2022-30585,https://www.archerirm.community/t5/security-advisories/archer-update-for-multiple-vulnerabilities/ta-p/677341,failed,Failed to fetch content,2025-01-09 18:08:56
CVE-2022-0915,https://prosupport.logi.com/hc/en-us/articles/360040085114-Download-Logitech-Sync,failed,Failed to fetch content,2025-01-09 18:08:56
CVE-2022-36565,https://github.com/ycdxsb/Vuln/blob/main/Wamp-Vuln/Wamp-Vuln.md,failed,Failed to fetch content,2025-01-09 18:08:56
CVE-2022-34596,https://github.com/zhefox/IOT_Vul/blob/main/Tenda/tendaAX1803/2/readme_en.md,failed,Failed to fetch content,2025-01-09 18:08:56
CVE-2022-27548,https://support.hcltechsw.com/csm?id=kb_article&sysparm_article=KB0099253,failed,Failed to fetch content,2025-01-09 18:08:56
CVE-2022-25402,https://github.com/dota-st/Vulnerability/blob/master/HMS/HMS.md,failed,Failed to fetch content,2025-01-09 18:08:56
CVE-2022-3471,https://github.com/Hanfu-l/POC-Exp/blob/main/The%20Human%20Resource%20Management%20System%20searccity%20parameter%20is%20injected.pdf,failed,Failed to fetch content,2025-01-09 18:08:56
CVE-2022-25435,https://github.com/EPhaha/IOT_vuln/tree/main/Tenda/AC9/7,failed,Failed to fetch content,2025-01-09 18:08:56
CVE-2021-26639,https://www.krcert.or.kr/krcert/secNoticeView.do?bulletin_writing_sequence=66875,failed,Failed to fetch content,2025-01-09 18:08:56
CVE-2022-26290,https://github.com/GD008/vuln/blob/main/tenda_M3_WriteFacMac/M3_WriteFacMac.md,failed,Failed to fetch content,2025-01-09 18:08:56
CVE-2021-33079,https://www.solidigm.com/content/dam/newco-aem-site/master/site/support/Solidigm%20SA-000563%20rev1.1.pdf,failed,Failed to fetch content,2025-01-09 18:08:56
CVE-2022-23170,https://www.gov.il/en/departments/faq/cve_advisories,failed,Failed to fetch content,2025-01-09 18:08:56
CVE-2021-27779,https://support.hcltechsw.com/csm?id=kb_article&sysparm_article=KB0098165,failed,Failed to fetch content,2025-01-09 18:08:56
CVE-2022-27076,https://github.com/GD008/vuln/blob/main/tenda_M3_delAd/M3_delAd.md,failed,Failed to fetch content,2025-01-09 18:08:56
CVE-2021-35530,https://search.abb.com/library/Download.aspx?DocumentID=8DBD000080&LanguageCode=en&DocumentPartId=&Action=Launch&utm_campaign=&utm_content=2022.04_5763_Cybersecurity%20Advisory%20Update_May_03&utm_medium=email&utm_source=Eloqua,failed,Failed to fetch content,2025-01-09 18:08:56
CVE-2022-36562,https://github.com/ycdxsb/Vuln/blob/main/RubyInstaller2-Vuln,failed,Failed to fetch content,2025-01-09 18:08:56
CVE-2022-41517,https://brief-nymphea-813.notion.site/TOTOLink-NR1800X-f97f2b9552c04eaf85fce31bccbfcf04,failed,Failed to fetch content,2025-01-09 18:08:56
CVE-2022-36786,https://www.gov.il/en/Departments/faq/cve_advisories,failed,Failed to fetch content,2025-01-09 18:08:56
CVE-2022-23690,https://www.arubanetworks.com/assets/alert/ARUBA-PSA-2022-012.txt,failed,Failed to fetch content,2025-01-09 18:08:56
CVE-2022-24165,https://github.com/pjqwudi/my_vuln/blob/main/Tenda/vuln_38/38.md,failed,Failed to fetch content,2025-01-09 18:08:56
CVE-2022-43538,https://www.arubanetworks.com/assets/alert/ARUBA-PSA-2022-020.txt,failed,Failed to fetch content,2025-01-09 18:08:56
CVE-2022-37902,https://www.arubanetworks.com/assets/alert/ARUBA-PSA-2022-016.txt,failed,Failed to fetch content,2025-01-09 18:08:56
CVE-2022-23683,https://www.arubanetworks.com/assets/alert/ARUBA-PSA-2022-012.txt,failed,Failed to fetch content,2025-01-09 18:08:56
CVE-2022-37913,https://www.arubanetworks.com/assets/alert/ARUBA-PSA-2022-015.txt,failed,Failed to fetch content,2025-01-09 18:08:56
CVE-2022-25133,https://github.com/pjqwudi1/my_vuln/blob/main/totolink/vuln_20/20.md,failed,Failed to fetch content,2025-01-09 18:08:56
CVE-2022-24150,https://github.com/pjqwudi/my_vuln/blob/main/Tenda/vuln_15/15.md,failed,Failed to fetch content,2025-01-09 18:08:56
CVE-2022-27333,https://github.com/Cutegod/idcCMS/issues/1,failed,Failed to fetch content,2025-01-09 18:08:56
CVE-2022-0675,https://puppet.com/security/cve/CVE-2022-0675,failed,Failed to fetch content,2025-01-09 18:08:56
CVE-2022-26267,https://github.com/JCCD/Vul/blob/main/Piwigo_12.2.0_InforMation_Disclosure.md,failed,Failed to fetch content,2025-01-09 18:08:56
